cluster,region,district,distype,subdist,ea,locality,eacode,v9,dist_new,latitude,longitude
495,4,18,1,0,39,4,418100039,Nkwanta North,418,8.4871502,.30973801
811,7,8,2,0,91,3,708200091,Sunyani Municipal,708,7.3364501,-2.33147
799,7,5,1,0,49,11,705100049,Dormaa East,705,7.3010802,-2.7920499
807,7,7,1,0,83,8,707100083,Tano North,707,7.2205601,-2.2350099
169,2,8,1,0,20,1,208100020,Gomoa East,208,5.4272599,-.58907503
820,7,10,2,0,42,8,710200042,Berekum,710,7.44872,-2.5682099
658,6,9,1,0,126,16,609100126,Asante Akim South,609,6.5795455,-1.1167367
806,7,7,1,0,39,4,707100039,Tano North,707,7.1695299,-2.1001101
124,2,1,2,0,105,1,201200105,Komenda / Edina / Eguafo / Abirem,201,5.1575384,-1.3258148
233,2,16,2,0,82,6,216200082,Upper Denkyira East,216,5.9601202,-1.78846
177,2,8,1,0,222,28,208100222,Gomoa East,208,5.4855199,-.68563598
803,7,6,1,0,85,9,706100085,Tano South,706,7.2015848,-2.0258479
216,2,14,2,0,52,2,214200052,Assin North,214,5.71382,-1.2840199
1107,10,1,1,0,36,8,1001100036,Wa West,1001,9.7911701,-2.4898801
167,2,7,2,0,38,1,207200038,Effutu,207,5.33779,-.62532997
860,7,17,1,0,84,16,717100084,Nkoranza North,717,7.7124701,-1.55336
808,7,7,1,0,110,1,707100110,Tano North,707,7.2940302,-2.13272
449,4,10,1,0,136,21,410100136,Norh Dayi (Kpando),410,7.00913,.31546
660,6,10,2,0,50,3,610200050,Asante Akim North,610,6.6217241,-1.1913267
452,4,11,2,0,50,50,411200050,Hohoe,411,6.8607202,.40059301
215,2,14,2,0,27,2,214200027,Assin North,214,5.6991,-1.27004
816,7,9,1,0,58,5,709100059,Sunyani West,709,7.3937602,-2.1858699
731,6,15,1,0,40,8,615100040,Atwima Nwabiagya,615,6.70119,-1.7281801
802,7,6,1,0,36,5,706100036,Tano South,706,7.0875568,-2.0261872
1011,9,1,1,0,111,4,901100111,Builsa,901,10.7323,-1.28502
226,2,15,1,0,130,16,215100130,Twifo / Heman / Lower Denkyira,215,5.6019702,-1.55004
1117,10,2,2,0,32,8,1002200032,Wa Municipal,1002,10.0126,-2.5478699
986,8,18,1,0,15,1,818100015,Bunkpurugu Yonyo,818,10.3714,.025428601
1017,9,2,1,0,66,3,902100066,Kasena Nankana West,902,10.985747,-1.113816
434,4,8,2,0,237,19,408200237,Ho,408,6.6121602,.46391401
824,7,10,2,0,154,20,710200154,Berekum,710,7.4890499,-2.58655
138,2,3,1,0,99,12,203100099,Abura / Asebu / Kwamankese,203,5.2462602,-1.22992
176,2,8,1,0,191,20,208100191,Gomoa East,208,5.4749398,-.59019202
988,8,18,1,0,80,7,818100080,Bunkpurugu Yonyo,818,10.5091,.102023
460,4,11,2,0,221,41,411200221,Hohoe,411,7.1479101,.47280899
180,2,9,2,0,15,1,209200015,Awutu Senya,209,5.38592,-.49192199
667,6,11,2,0,169,32,611200169,Ejisu Juaben,611,6.7213101,-1.47498
168,2,7,2,0,62,1,207200062,Effutu,207,5.3533502,-.62023199
166,2,7,2,0,13,1,207200013,Effutu,207,5.3361301,-.62082601
435,4,8,2,0,261,19,408200261,Ho,408,6.6135998,.46284699
170,2,8,1,0,27,8,208100027,Gomoa East,208,5.4200301,-.46758699
812,7,8,2,0,118,3,708200118,Sunyani Municipal,708,7.3382502,-2.32286
182,2,9,2,0,67,3,209200067,Awutu Senya,209,5.5478601,-.432037
821,7,10,2,0,70,8,710200070,Berekum,710,7.45048,-2.58006
1110,10,1,1,0,72,1,1001100072,Wa West,1001,9.9097404,-2.6310501
305,3,4,3,5,91,2,304305091,AMA   - La,304,5.5639749,-.15348899
467,4,12,1,0,58,1,412100058,Biakoye,412,7.3092399,.293749
822,7,10,2,0,97,8,710200097,Berekum,710,7.4572201,-2.5861199
809,7,8,2,0,34,2,708200034,Sunyani Municipal,708,7.2864299,-2.2782099
649,6,6,1,0,173,1,606100173,Adansi North,606,6.3562598,-1.49954
559,5,10,1,0,22,5,510100022,Asuogyaman,510,6.2347202,.092933998
469,4,13,1,0,64,10,413100064,Jasikan,413,7.4071498,.469273
123,2,1,2,0,78,12,201200078,Komenda / Edina / Eguafo / Abirem,201,5.0899296,-1.3528929
562,5,10,1,0,130,23,510100130,Asuogyaman,510,6.48984,.14751901
1106,10,1,1,0,24,5,1001100024,Wa West,1001,9.8052397,-2.72417
663,6,10,2,0,191,17,610200191,Asante Akim North,610,6.803309,-1.086185
1146,10,5,1,0,33,5,1005100033,Nadowli,1005,10.1872,-2.47543
193,2,10,1,0,89,9,210100089,Agona East,210,5.64222,-.75532001
813,7,8,2,0,146,3,708200146,Sunyani Municipal,708,7.3564801,-2.33198
1074,9,8,1,0,41,1,908100041,Garu Tempane,908,10.770614,-.15216361
347,3,6,2,0,133,4,306200133,Ledzokuku / Krowor,306,5.611968,-.072246015
1153,10,5,1,0,118,20,1005100118,Nadowli,1005,10.388372,-2.3314435
810,7,8,2,0,63,3,708200063,Sunyani Municipal,708,7.3221002,-2.3279901
461,4,11,2,0,246,41,411200246,Hohoe,411,7.1587601,.467096
642,6,5,2,0,106,9,605200106,Obuasi Municipal,605,6.1935401,-1.68118
545,5,7,2,0,137,1,507200137,New Juaben Municipal,507,6.1052599,-.25255901
294,3,4,3,2,285,9,304302285,AMA  - Ablekuma Central,304,5.5615592,-.23913708
149,2,4,2,0,211,31,204200211,Mfantsiman,204,5.1554999,-1.15885
1010,9,1,1,0,95,1,901100095,Builsa,901,10.6666,-1.27626
819,7,10,2,0,15,3,710200015,Berekum,710,7.4292302,-2.5965199
815,7,9,1,0,21,2,709100021,Sunyani West,709,7.3629398,-2.31954
1109,10,1,1,0,60,1,1001100060,Wa West,1001,9.8601437,-2.4767036
805,7,7,1,0,29,1,707100029,Tano North,707,7.1034002,-2.2542601
823,7,10,2,0,147,17,710200147,Berekum,710,7.4713302,-2.58722
482,4,16,1,0,22,1,416100022,Krachi West,416,7.7539701,.074116997
818,7,9,1,0,99,7,709100099,Sunyani West,709,7.40942,-2.4742601
95,1,13,1,0,106,14,113100106,Sefwi Akontobra,113,6.2127862,-2.6329117
1099,9,9,2,0,257,24,909200257,Bawku Municipal,909,11.0783,-.204255
232,2,16,2,0,57,6,216200057,Upper Denkyira East,216,5.9566898,-1.77519
200,2,11,2,0,148,7,211200148,Agona West,211,5.6154699,-.79033297
340,3,5,2,0,155,10,305200155,Adenta,305,5.69344,-.141242
312,3,4,3,6,140,2,304306140,AMA  - Ayawaso East,304,5.5879798,-.18964
91,1,12,1,0,243,1,112100243,Aowin Suaman,112,6.2280002,-3.07054
1072,9,8,1,0,5,1,908100005,Garu Tempane,908,10.7672,-.114676
112,1,16,1,0,79,1,116100079,Juabeso,116,6.30092,-2.9609699
907,8,5,1,0,132,1,805100132,East Gonja,805,8.5687103,-.77326202
967,8,13,1,0,90,7,813100090,Savelugu Nanton,813,9.6286602,-.82077998
208,2,12,1,0,177,17,212100177,Asikuma / Odoben  / Brakwa,212,5.7348299,-1.011
282,3,4,3,1,153,3,304301153,AMA  -  Ablekuma South,304,5.5513701,-.22175001
1067,9,7,1,0,88,15,907100088,Bawku West,907,10.9069,-.409134
1018,9,2,1,0,72,1,902100072,Kasena Nankana West,902,10.9568,-1.05343
417,4,6,1,0,76,1,406100076,North Tongu,406,6.0585299,.471784
244,3,1,2,0,277,12,301200277,Weija (Ga South),301,5.56532,-.41238999
911,8,6,1,0,39,6,806100039,Kpandai,806,8.3602505,-.06191
82,1,11,1,0,174,1,111100174,Wassa Amenfi West,111,5.9253101,-2.3431201
1084,9,9,2,0,7,1,909200007,Bawku Municipal,909,10.5492,-1.34919
78,1,11,1,0,68,9,111100068,Wassa Amenfi West,111,5.7112198,-2.32759
1186,10,9,1,0,13,1,1009100013,Lawra,1009,10.5296,-2.8389201
772,6,27,1,0,24,4,627100024,Offinso North,627,7.2919698,-1.8528301
223,2,15,1,0,23,3,215100023,Twifo / Heman / Lower Denkyira,215,5.2515001,-1.38087
629,6,2,1,0,14,1,602100014,Amansie West,602,6.2100801,-2.0222499
569,5,12,1,0,67,1,512100067,Fanteakwa,512,6.4152198,-.444379
118,1,17,1,0,104,1,117100104,Bia,117,6.7056098,-2.8892601
1162,10,6,1,0,52,1,1006100052,Jirapa,1006,10.5652,-2.53039
459,4,11,2,0,197,39,411200197,Hohoe,411,7.1591702,.47580701
912,8,6,1,0,75,10,806100075,Kpandai,806,8.3738699,.101488
474,4,15,1,0,13,1,415100013,Krachi East,415,7.4937501,.27789101
79,1,11,1,0,86,10,111100086,Wassa Amenfi West,111,5.6192398,-2.5469799
837,7,13,1,0,133,22,713100133,Tain,713,8.2407398,-2.27314
782,7,2,2,0,128,8,702200128,Asunafo North,702,6.8186998,-2.54743
1199,10,9,1,0,167,1,1009100167,Lawra,1009,10.908,-2.79301
737,6,16,1,0,102,1,616100102,Ahafo Ano South,616,6.8966398,-1.9574
511,5,3,2,0,41,7,503200041,West Akim,503,5.8085198,-.454808
106,1,15,1,0,101,18,115100101,Sefwi Bibiani-Ahwiaso Bekwai,115,6.3053699,-2.2491901
750,6,20,1,0,40,8,620100040,Kwabre  East,620,6.7945399,-1.50544
432,4,8,2,0,187,19,408200187,Ho,408,6.5979199,.45179999
572,5,12,1,0,174,1,512100174,Fanteakwa,512,6.50281,.149462
902,8,4,1,0,88,1,804100088,Gonja Central,804,9.1433096,-1.15461
1163,10,6,1,0,66,9,1006100066,Jirapa,1006,9.7964497,-2.4916799
521,5,4,1,0,46,1,504100046,Suhum / Kraboa Coaltar,504,5.9170699,-.422528
666,6,11,2,0,110,24,611200110,Ejisu Juaben,611,5.93293,-.98740298
526,5,4,1,0,211,20,504100211,Suhum / Kraboa Coaltar,504,6.0406799,-.45384601
5,1,1,1,0,121,24,101100121,Jomoro,101,5.0859799,-2.94314
206,2,12,1,0,108,1,212100108,Asikuma / Odoben  / Brakwa,212,5.6368299,-.96121699
293,3,4,3,2,249,8,304302249,AMA  - Ablekuma Central,304,5.5560398,-.25830999
825,7,11,1,0,20,1,711100020,Jaman South,711,7.5033998,-2.9150801
938,8,10,2,0,273,1,810200273,Yendi,810,9.5866404,-.145206
973,8,14,1,0,75,12,814100075,Karaga,814,9.9379702,-.54302502
458,4,11,2,0,172,1,411200172,Hohoe,411,7.0652099,.53441101
603,5,17,1,0,119,1,517100119,Atiwa,517,6.3874998,-.53114402
1019,9,2,1,0,89,1,902100089,Kasena Nankana West,902,10.8747,-.98473603
838,7,14,2,0,19,2,714200019,Wenchi,714,7.5610099,-2.16346
142,2,4,2,0,11,2,204200011,Mfantsiman,204,5.2701001,-1.0172
329,3,4,3,10,29,3,304310029,AMA  -  Okai Koi North,304,5.58992,-.2374
1080,9,8,1,0,156,1,908100156,Garu Tempane,908,10.9081,-.165529
72,1,10,1,0,62,1,110100062,Wassa Amenfi East,110,5.76051,-2.1449201
66,1,9,1,0,106,10,109100106,Prestea / Huni Valley,109,5.4352999,-2.1443901
1012,9,1,1,0,121,1,901100121,Builsa,901,10.7913,-1.1614799
1126,10,2,2,0,116,10,1002200116,Wa Municipal,1002,10.0431,-2.5048001
1131,10,3,1,0,43,5,1003100043,Wa East,1003,9.93643,-2.19822
12,1,2,1,0,98,24,102100098,Ellembelle,102,5.0481501,-2.4546599
533,5,5,2,0,168,17,505200168,Akwapim South,505,5.8468499,-.173948
136,2,3,1,0,30,2,203100030,Abura / Asebu / Kwamankese,203,5.1305099,-1.20123
917,8,7,1,0,75,1,807100075,Nanumba South,807,8.7289495,.15878101
621,5,21,1,0,176,13,521100176,Kwahu North,521,6.9394898,-.249685
1114,10,1,1,0,121,1,1001100121,Wa West,1001,10.0489,-2.5118699
855,7,16,1,0,63,8,716100063,Nkoranza South,716,7.5295601,-1.8072
330,3,4,3,10,65,3,304310065,AMA  -  Okai Koi North,304,5.6003299,-.239483
840,7,14,2,0,87,8,714200087,Wenchi,714,7.75247,-2.10304
927,8,9,1,0,74,1,809100074,Zabzugu Tatali,809,9.2500095,.43378299
1082,9,8,1,0,192,1,908100192,Garu Tempane,908,10.9392,-.039962001
653,6,7,2,0,214,39,607200214,Bekwai Municipal,607,6.50526,-1.53527
798,7,5,1,0,40,6,705100040,Dormaa East,705,7.2588,-2.7574899
181,2,9,2,0,39,2,209200039,Awutu Senya,209,5.5089798,-.52428299
1155,10,5,1,0,142,23,1005100142,Nadowli,1005,10.3717,-2.66696
304,3,4,3,5,55,4,304305055,AMA   - La,304,5.5609698,-.15693299
70,1,9,1,0,248,25,109100248,Prestea / Huni Valley,109,5.60532,-2.0624101
858,7,17,1,0,14,1,717100014,Nkoranza North,717,7.6501698,-1.67389
787,7,3,1,0,77,7,703100077,Asutifi,703,6.9804902,-2.3867099
842,7,14,2,0,135,1,714200135,Wenchi,714,7.9802098,-2.0645199
893,8,2,1,0,69,1,802100069,Sawla / Tuna / Kalba,802,9.43818,-2.5201499
438,4,8,2,0,348,37,408200348,Ho,408,6.7337599,.38833699
852,7,15,2,0,320,1,715200321,Techiman,715,7.74755,-2.0274601
935,8,10,2,0,188,22,810200188,Yendi,810,9.4417601,-.011371
171,2,8,1,0,52,9,208100052,Gomoa East,208,5.4695501,-.41551599
640,6,5,2,0,5,2,605200005,Obuasi Municipal,605,6.1576099,-1.6561199
524,5,4,1,0,167,18,504100167,Suhum / Kraboa Coaltar,504,6.0222301,-.35812399
11,1,2,1,0,64,1,102100064,Ellembelle,102,4.98809,-2.5416801
298,3,4,3,3,108,2,304303108,AMA  -Ashiedu Keteke,304,5.5448198,-.217833
957,8,12,1,0,27,6,812100027,Tolon Kumbugu,812,9.4044199,-1.11816
287,3,4,3,2,31,7,304302031,AMA  - Ablekuma Central,304,5.5493302,-.26354501
63,1,9,1,0,41,1,109100041,Prestea / Huni Valley,109,5.3063598,-1.86996
379,3,10,1,0,121,1,310100121,Dangbe East,310,5.8400002,.610102
541,5,7,2,0,15,1,507200015,New Juaben Municipal,507,6.0697398,-.259238
608,5,18,2,0,139,13,518200139,Kwahu West,518,6.5796499,-.808999
770,6,26,1,0,108,6,626100108,Ejura Sekye Dumasi,626,7.3124299,-1.5801001
1119,10,2,2,0,49,10,1002200049,Wa Municipal,1002,10.053,-2.5375099
918,8,7,1,0,111,1,807100111,Nanumba South,807,8.7526798,.375855
777,7,1,1,0,118,6,701100118,Asunafo South,701,6.6209602,-2.4767101
466,4,12,1,0,44,8,412100044,Biakoye,412,7.2955499,.3308
616,5,20,1,0,122,1,520100122,Kwahu East,520,6.7936201,-.78230298
86,1,12,1,0,75,11,112100075,Aowin Suaman,112,5.76017,-2.59355
324,3,4,3,9,82,4,304309082,AMA  - Ablekuma North,304,5.599,-.28854999
1062,9,6,1,0,134,1,906100134,Bongo,906,10.9891,-.77149397
614,5,20,1,0,72,1,520100072,Kwahu East,520,6.7145,-.58427399
931,8,10,2,0,49,1,810200049,Yendi,810,9.2468204,.167667
1021,9,2,1,0,125,25,902100125,Kasena Nankana West,902,10.9484,-.94170898
236,2,17,1,0,82,15,217100082,Upper Denkyira West,217,6.1485901,-2.14797
204,2,12,1,0,53,6,212100053,Asikuma / Odoben  / Brakwa,212,5.5883799,-.99489999
119,1,17,1,0,138,16,117100138,Bia,117,6.7715998,-3.1881299
970,8,13,1,0,179,23,813100179,Savelugu Nanton,813,9.6908503,-.66232097
197,2,11,2,0,76,3,211200076,Agona West,211,5.5310702,-.68965
1140,10,4,1,0,58,15,1004100058,Sissala East,1004,10.7561,-1.89267
698,6,14,3,5,109,14,614305109,KMA  -  Oforikrom,614,6.6819301,-1.59007
190,2,9,2,0,275,10,209200275,Awutu Senya,209,5.5857701,-.43548301
1041,9,4,2,0,174,1,904200174,Bolgatanga,904,10.777,-.891882
387,4,2,2,0,50,8,402200050,Keta Municipal,402,5.7904701,.914451
982,8,16,1,0,66,1,816100066,Saboba,816,9.7005901,.090902001
620,5,21,1,0,155,10,521100155,Kwahu North,521,6.9319901,-.026822001
848,7,15,2,0,185,15,715200185,Techiman,715,7.59445,-1.86075
632,6,2,1,0,201,42,602100201,Amansie West,602,6.5616002,-1.8597
797,7,4,2,0,235,35,704200235,Dormaa Municipal,704,7.4309301,-2.9414799
570,5,12,1,0,70,14,512100070,Fanteakwa,512,6.3821802,-.37527299
817,7,9,1,0,74,1,709100074,Sunyani West,709,7.4465699,-2.1741099
154,2,5,1,0,87,9,205100087,Ajumanku / Enyan / Essiam,205,5.4119,-.976533
1137,10,4,1,0,21,4,1004100021,Sissala East,1004,10.5738,-1.97409
628,6,1,1,0,166,1,601100166,Atwima Mponua,601,6.63797,-2.0864601
1092,9,9,2,0,149,18,909200149,Bawku Municipal,909,10.9688,-.28018299
489,4,17,1,0,45,7,417100045,Nkwanta South,417,8.0973597,.39251
1128,10,3,1,0,6,1,1003100006,Wa East,1003,9.8587599,-2.4235401
1073,9,8,1,0,23,1,908100023,Garu Tempane,908,10.7432,-.27690899
1127,10,2,2,0,129,1,1002200129,Wa Municipal,1002,10.1169,-2.4312601
391,4,2,2,0,174,19,402200174,Keta Municipal,402,5.9393902,.99788499
944,8,11,3,2,44,5,811302044,Tamale Central,811,9.4360104,-.87146997
161,2,6,1,0,86,8,206100086,Gomoa West,206,5.3069801,-.74071699
791,7,4,2,0,56,6,704200056,Dormaa Municipal,704,7.01436,-3.0485201
425,4,7,1,0,77,1,407100077,Adaklu Anyigbe,407,6.4920101,.72425997
937,8,10,2,0,238,23,810200238,Yendi,810,9.4482698,.016174
92,1,13,1,0,30,1,113100030,Sefwi Akontobra,113,5.9886098,-2.8931601
285,3,4,3,1,262,5,304301262,AMA  -  Ablekuma South,304,5.5303998,-.27160001
763,6,24,1,0,56,7,624100056,Sekyere Afram Plains,624,6.89362,-1.25537
243,3,1,2,0,241,12,301200241,Weija (Ga South),301,5.5494299,-.39798999
1194,10,9,1,0,109,1,1009100109,Lawra,1009,10.188,-2.47474
1083,9,8,1,0,210,20,908100210,Garu Tempane,908,10.9774,-.093415998
532,5,5,2,0,121,13,505200121,Akwapim South,505,5.8238802,-.36081699
64,1,9,1,0,74,9,109100074,Prestea / Huni Valley,109,5.4046302,-2.1694
853,7,16,1,0,33,1,716100033,Nkoranza South,716,7.5518198,-1.4643101
786,7,3,1,0,39,1,703100039,Asutifi,703,6.83041,-2.4865201
342,3,5,2,0,228,11,305200228,Adenta,305,5.7301102,-.15617
43,1,5,3,4,75,12,105304075,Sekondi-Takoradi  - Essikadu  -Ketan,105,4.9497099,-1.7606601
345,3,6,2,0,61,4,306200061,Ledzokuku / Krowor,306,5.6009998,-.079000004
867,7,18,1,0,123,1,718100123,Atebubu Amantin,718,7.7764502,-.97614998
211,2,13,1,0,52,8,213100052,Assin South,213,5.4559999,-1.15767
1122,10,2,2,0,77,10,1002200077,Wa Municipal,1002,10.0702,-2.49931
1047,9,5,1,0,53,9,905100053,Talensi Nabdam,905,10.6388,-.87160498
503,5,2,2,0,30,4,502200030,Birim  Central Municipal,502,5.77706,-.76887703
399,4,3,1,0,146,1,403100146,Ketu South,403,6.1538,1.16133
27,1,5,3,1,132,1,105301132,Sekondi-Takoradi  -  Kwesimintsim,105,4.93927,-1.7906801
229,2,15,1,0,205,1,215100205,Twifo / Heman / Lower Denkyira,215,5.6577702,-1.61966
788,7,3,1,0,119,1,703100119,Asutifi,703,7.0443802,-2.3982201
1116,10,2,2,0,20,4,1002200020,Wa Municipal,1002,10.0489,-2.5118699
868,7,19,1,0,14,1,719100014,Sene,719,7.2824898,.18076999
13,1,2,1,0,144,1,102100144,Ellembelle,102,5.3473601,-2.4295199
36,1,5,3,2,102,2,105302102,Sekondi-Takoradi  -  Takoradi,105,4.9065599,-1.74368
730,6,14,3,10,211,14,614310211,KMA   -  Bantama,614,6.69873,-1.72947
133,2,2,3,2,54,8,202302054,Cape Coast   North,202,5.1543798,-1.27806
426,4,8,2,0,4,1,408200004,Ho,408,6.37924,.25322399
178,2,8,1,0,253,37,208100253,Gomoa East,208,5.5073299,-.744717
1171,10,7,1,0,1,1,1007100001,Sissala West,1007,10.5644,-2.21769
849,7,15,2,0,219,19,715200219,Techiman,715,7.5855598,-1.93239
1023,9,3,1,0,25,1,903100025,Kasena Nankana East,903,10.7772,-1.09304
271,3,3,2,0,189,7,303200189,Ga East,303,5.6698098,-.162122
836,7,13,1,0,83,11,713100083,Tain,713,7.8960299,-2.53933
784,7,2,2,0,210,14,702200210,Asunafo North,702,6.9035602,-2.5552499
580,5,13,2,0,227,27,513200227,East Akim,513,6.26231,-.50255001
728,6,14,3,10,132,7,614310132,KMA   -  Bantama,614,6.7283702,-1.65339
596,5,16,1,0,22,1,516100022,Birim North,516,6.3116398,-1.11351
1145,10,5,1,0,21,4,1005100021,Nadowli,1005,10.1738,-2.54989
122,2,1,2,0,37,1,201200037,Komenda / Edina / Eguafo / Abirem,201,5.0834999,-1.3707
1141,10,4,1,0,70,17,1004100070,Sissala East,1004,10.8187,-2.00895
1173,10,7,1,0,25,5,1007100025,Sissala West,1007,10.0091,-2.5557899
742,6,18,2,0,41,7,618200041,Offinso Municipal,618,6.9348202,-1.68338
85,1,12,1,0,42,1,112100042,Aowin Suaman,112,5.65132,-2.5645599
1195,10,9,1,0,121,1,1009100121,Lawra,1009,10.8148,-2.7592599
563,5,11,1,0,16,1,511100016,Upper Manya Krobo,511,6.2526898,-.15148599
1113,10,1,1,0,108,1,1001100108,Wa West,1001,10.0489,-2.5118699
710,6,14,3,7,14,2,614307014,KMA   -  Manhyia,614,6.7007198,-1.61861
643,6,5,2,0,147,9,605200147,Obuasi Municipal,605,6.19454,-1.6439
254,3,1,2,0,632,1,301200632,Weija (Ga South),301,5.6122499,-.41471699
641,6,5,2,0,66,9,605200066,Obuasi Municipal,605,6.19803,-1.63895
478,4,15,1,0,144,11,415100144,Krachi East,415,7.9836001,.28846601
670,6,12,1,0,88,22,612100088,Bosumtwi,612,6.5701199,-1.52314
1152,10,5,1,0,106,17,1005100106,Nadowli,1005,10.2573,-2.5574501
933,8,10,2,0,120,1,810200120,Yendi,810,9.3913603,-.52245599
17,1,4,1,0,11,3,104100011,Ahanta West,104,4.79633,-1.94425
656,6,9,1,0,29,5,609100029,Asante Akim South,609,6.3934698,-1.28486
857,7,16,1,0,120,17,716100120,Nkoranza South,716,7.5652399,-1.70412
1177,10,7,1,0,73,15,1007100073,Sissala West,1007,10.973,-2.59726
600,5,17,1,0,35,6,517100035,Atiwa,517,6.3102999,-.724819
260,3,2,2,0,159,10,302200159,Ga West,302,5.6203299,-.26284
776,7,1,1,0,109,1,701100109,Asunafo South,701,6.60111,-2.6205001
547,5,7,2,0,201,4,507200201,New Juaben Municipal,507,6.1201501,-.25448599
1193,10,9,1,0,97,1,1009100097,Lawra,1009,10.7711,-2.7729001
1157,10,5,1,0,166,27,1005100166,Nadowli,1005,10.4805,-2.4984901
830,7,12,1,0,78,18,712100078,Jaman North,712,7.9493799,-2.69348
246,3,1,2,0,352,13,301200352,Weija (Ga South),301,5.54917,-.38330001
1159,10,6,1,0,15,1,1006100015,Jirapa,1006,10.478,-2.64959
894,8,2,1,0,110,4,802100110,Sawla / Tuna / Kalba,802,9.5508003,-2.65871
315,3,4,3,7,52,2,304307052,AMA  - Ayawaso Central,304,5.58358,-.21047001
695,6,14,3,4,147,7,614304147,Asokwa(Atonso),614,6.6610198,-1.59767
785,7,3,1,0,33,4,703100033,Asutifi,703,6.8635101,-2.44752
297,3,4,3,3,71,1,304303071,AMA  -Ashiedu Keteke,304,5.5418,-.215433
593,5,15,1,0,87,13,515100087,Akyemansa,515,6.0743899,-1.1548899
969,8,13,1,0,136,1,813100136,Savelugu Nanton,813,9.6392498,-.74839503
1164,10,6,1,0,76,9,1006100076,Jirapa,1006,10.5326,-2.6997199
76,1,10,1,0,172,1,110100172,Wassa Amenfi East,110,6.0137701,-2.1733
303,3,4,3,5,18,2,304305018,AMA   - La,304,5.5553198,-.16608299
1048,9,5,1,0,78,1,905100078,Talensi Nabdam,905,10.7373,-.72114599
697,6,14,3,5,69,13,614305069,KMA  -  Oforikrom,614,6.6637101,-1.59025
212,2,13,1,0,83,16,213100083,Assin South,213,5.5440998,-1.1736
789,7,3,1,0,154,1,703100154,Asutifi,703,7.09623,-2.7142899
843,7,15,2,0,50,1,715200050,Techiman,715,7.5425801,-1.85472
783,7,2,2,0,163,10,702200163,Asunafo North,702,6.9435401,-2.7632999
939,8,10,2,0,309,1,810200309,Yendi,810,9.7693396,-.049876001
456,4,11,2,0,154,31,411200154,Hohoe,411,7.7257099,.55020702
486,4,16,1,0,160,16,416100160,Krachi West,416,8.1491804,-.148157
448,4,10,1,0,127,19,410100127,Norh Dayi (Kpando),410,7.0124302,.317027
1039,9,4,2,0,147,7,904200147,Bolgatanga,904,10.8124,-.84802502
4,1,1,1,0,87,16,101100087,Jomoro,101,4.98664,-2.58606
1165,10,6,1,0,81,1,1006100081,Jirapa,1006,10.5106,-2.7475801
544,5,7,2,0,106,1,507200106,New Juaben Municipal,507,6.0887899,-.27855
272,3,3,2,0,225,7,303200225,Ga East,303,5.67871,-.179509
676,6,14,3,1,62,8,614301062,KMA    - Kwadaso,614,6.6763201,-1.64698
1166,10,6,1,0,93,12,1006100093,Jirapa,1006,10.5273,-2.76108
585,5,14,1,0,149,13,514100149,Kwaebibirem,514,6.1003699,-.83998299
744,6,18,2,0,119,19,618200119,Offinso Municipal,618,7.1356802,-1.74043
195,2,11,2,0,18,2,211200018,Agona West,211,5.5338001,-.81851703
883,7,21,1,0,123,23,721100123,Kintampo South,721,8.0458899,-1.67379
494,4,18,1,0,1,1,418100001,Nkwanta North,418,8.3385296,.25015
903,8,4,1,0,131,1,804100131,Gonja Central,804,9.2976198,-1.1062599
318,3,4,3,7,161,5,304307161,AMA  - Ayawaso Central,304,5.5968199,-.20254999
1005,9,1,1,0,6,1,901100006,Builsa,901,10.340257,-1.2443111
14,1,3,2,0,9,1,103200009,Nzema East,103,4.8673401,-2.2354701
444,4,10,1,0,5,1,410100005,Norh Dayi (Kpando),410,6.6311302,.312249
402,4,3,1,0,2,1,404100002,Ketu North,403,6.0663199,.89409202
7,1,1,1,0,207,1,101100207,Jomoro,101,5.1627598,-2.5353899
920,8,8,1,0,20,6,808100020,Nanumba North,808,8.6964998,-.13801999
943,8,11,3,2,15,1,811302015,Tamale Central,811,9.3972902,-.85175598
69,1,9,1,0,197,19,109100197,Prestea / Huni Valley,109,5.54492,-1.99352
87,1,12,1,0,108,17,112100108,Aowin Suaman,112,5.7726898,-2.7562599
878,7,20,1,0,158,18,720100158,Pru,720,8.2286196,-.64790201
157,2,5,1,0,171,26,205100171,Ajumanku / Enyan / Essiam,205,5.46175,-.97855002
915,8,6,1,0,159,21,806100159,Kpandai,806,8.4591503,-.022430999
1187,10,9,1,0,25,1,1009100025,Lawra,1009,10.5709,-2.8408899
1185,10,9,1,0,1,1,1009100001,Lawra,1009,10.4719,-2.85653
1191,10,9,1,0,73,1,1009100073,Lawra,1009,10.65,-2.8635399
247,3,1,2,0,388,16,301200388,Weija (Ga South),301,5.55617,-.29888999
209,2,12,1,0,194,18,212100194,Asikuma / Odoben  / Brakwa,212,5.7132802,-.98161697
795,7,4,2,0,159,26,704200159,Dormaa Municipal,704,7.2744098,-2.8734601
231,2,16,2,0,45,1,216200045,Upper Denkyira East,216,5.9580302,-1.78649
41,1,5,3,4,27,5,105304027,Sekondi-Takoradi  - Essikadu  -Ketan,105,4.9457002,-1.7145801
395,4,3,1,0,48,8,403100060,Ketu South,403,6.1175599,1.18028
1178,10,8,1,0,6,1,1008100006,Lambussie Karni,1008,10.6737,-2.6258299
234,2,17,1,0,20,2,217100020,Upper Denkyira West,217,5.9616499,-1.7927099
794,7,4,2,0,148,25,704200148,Dormaa Municipal,704,7.27456,-2.8919899
146,2,4,2,0,127,1,204200127,Mfantsiman,204,5.2066498,-.96265
230,2,16,2,0,15,1,216200015,Upper Denkyira East,216,5.9616499,-1.7927099
636,6,3,1,0,167,32,603100167,Amansie Central,603,6.3983898,-1.60707
296,3,4,3,3,35,1,304303035,AMA  -Ashiedu Keteke,304,5.5364799,-.211217
65,1,9,1,0,82,10,109100082,Prestea / Huni Valley,109,5.4458899,-2.13463
741,6,17,1,0,111,10,617100111,Ahafo Ano North,617,7.0018001,-2.16277
360,3,8,3,1,58,4,308301058,Tema West,308,5.6346102,-.094679996
834,7,13,1,0,26,1,713100026,Tain,713,7.6833601,-2.3922501
966,8,13,1,0,62,7,813100062,Savelugu Nanton,813,9.61868,-.82910299
445,4,10,1,0,23,1,410100023,Norh Dayi (Kpando),410,7.15942,.47961101
111,1,16,1,0,46,1,116100046,Juabeso,116,6.3060298,-3.0166099
1097,9,9,2,0,226,24,909200226,Bawku Municipal,909,11.057,-.243358
1151,10,5,1,0,94,14,1005100094,Nadowli,1005,10.3006,-2.6240599
295,3,4,3,2,322,8,304302322,AMA  - Ablekuma Central,304,5.56429,-.24477001
462,4,11,2,0,270,41,411200270,Hohoe,411,7.1591001,.46902901
774,7,1,1,0,39,1,701100039,Asunafo South,701,6.4757299,-2.5520201
948,8,11,3,2,158,14,811302158,Tamale Central,811,9.4144897,-.83638
30,1,5,3,1,181,6,105301181,Sekondi-Takoradi  -  Kwesimintsim,105,4.9250202,-1.77279
998,8,20,1,0,51,1,820100051,West Mamprusi,820,10.1908,-.65923202
407,4,4,1,0,133,11,404100133,Ketu North,404,6.2319598,.99695802
1052,9,5,1,0,139,1,905100139,Talensi Nabdam,905,10.8093,-.72159398
194,2,10,1,0,111,1,210100111,Agona East,210,5.6560502,-.61210001
960,8,12,1,0,113,1,812100113,Tolon Kumbugu,812,9.4477396,-1.11597
443,4,9,1,0,71,10,409100071,South Dayi,409,7.1516199,.474574
527,5,4,1,0,262,1,504100262,Suhum / Kraboa Coaltar,504,6.0503998,-.342397
601,5,17,1,0,51,9,517100051,Atiwa,517,6.3699999,-.53258902
137,2,3,1,0,65,1,203100065,Abura / Asebu / Kwamankese,203,5.3380499,-1.17111
874,7,20,1,0,8,1,720100008,Pru,720,7.9893298,-.95724797
887,7,22,2,0,94,7,722200094,Kintampo,722,8.2318401,-1.8556
623,5,21,1,0,255,24,521100255,Kwahu North,521,6.9983301,-.167484
1003,8,20,1,0,197,32,820100197,West Mamprusi,820,10.4437,-1.04957
751,6,20,1,0,93,14,620100093,Kwabre  East,620,6.7665601,-1.5943
89,1,12,1,0,161,1,112100161,Aowin Suaman,112,5.85148,-2.99279
9,1,2,1,0,18,7,102100018,Ellembelle,102,4.96208,-2.4588599
39,1,5,3,3,70,9,105303070,Sekondi-Takoradi  -  Sekondi,105,4.9292402,-1.7534
300,3,4,3,4,28,2,304304028,AMA  - Osu Klotey,304,5.5539799,-.184965
733,6,15,1,0,110,21,615100110,Atwima Nwabiagya,615,6.6974101,-1.70284
264,3,2,2,0,326,1,302200326,Ga West,302,5.69907,-.355483
74,1,10,1,0,106,15,110100106,Wassa Amenfi East,110,5.8201499,-2.1271601
90,1,12,1,0,194,26,112100194,Aowin Suaman,112,5.9797001,-2.94346
221,2,14,2,0,194,1,214200194,Assin North,214,5.53825,-1.16108
992,8,19,1,0,31,5,819100031,East Mamprusi,819,10.5122,.097781003
335,3,4,3,11,14,3,304311014,AMA - Ayawaso West Wogon,304,5.6173301,-.192423
338,3,5,2,0,54,7,305200054,Adenta,305,5.6607599,-.131598
222,2,14,2,0,216,24,214200216,Assin North,214,5.6719499,-1.35288
1105,10,1,1,0,12,1,1001100012,Wa West,1001,9.6936102,-2.58231
479,4,15,1,0,167,12,415100167,Krachi East,415,8.0683298,.182965
1068,9,7,1,0,106,17,907100106,Bawku West,907,10.9266,-.48580101
769,6,26,1,0,59,4,626100059,Ejura Sekye Dumasi,626,7.37921,-1.35795
173,2,8,1,0,103,11,208100103,Gomoa East,208,5.51826,-.41793799
1008,9,1,1,0,60,1,901100060,Builsa,901,10.562522,-1.3731495
662,6,10,2,0,103,1,610200103,Asante Akim North,610,6.6533298,-1.1756901
185,2,9,2,0,157,8,209200157,Awutu Senya,209,5.6082001,-.55931699
174,2,8,1,0,129,12,208100129,Gomoa East,208,5.5243502,-.476284
696,6,14,3,5,28,1,614305028,KMA  -  Oforikrom,614,6.6533699,-1.5577
1081,9,8,1,0,174,15,908100174,Garu Tempane,908,10.3247,-1.26071
923,8,8,1,0,134,1,808100134,Nanumba North,808,9.0380802,.096784003
515,5,3,2,0,175,21,503200175,West Akim,503,5.8583999,-.66518003
508,5,2,2,0,165,16,502200165,Birim  Central Municipal,502,5.9218001,-.98036802
1076,9,8,1,0,76,1,908100076,Garu Tempane,908,10.7808,-.19259299
826,7,11,1,0,80,13,711100080,Jaman South,711,7.5950098,-2.8845601
361,3,8,3,1,94,5,308301094,Tema West,308,5.6360302,-.02211
682,6,14,3,2,25,4,614302025,KMA   - Nhyiaeso,614,6.6386099,-1.64371
552,5,8,1,0,110,1,508100110,Yilo Krobo,508,6.18255,-.149882
252,3,1,2,0,571,20,301200571,Weija (Ga South),301,5.6199002,-.30566701
719,6,14,3,8,152,3,614308152,KMA     -  Old Tafo,614,6.7314901,-1.61294
1065,9,7,1,0,53,1,907100053,Bawku West,907,10.9004,-.418156
153,2,5,1,0,64,1,205100064,Ajumanku / Enyan / Essiam,205,5.4100699,-.98156703
101,1,14,1,0,180,31,114100180,Sefwi Wiawso,114,6.3776002,-2.67537
475,4,15,1,0,33,1,415100033,Krachi East,415,7.60074,.22672001
145,2,4,2,0,88,9,204200088,Mfantsiman,204,5.20892,-.93681699
771,6,26,1,0,127,1,626100127,Ejura Sekye Dumasi,626,7.4010601,-1.47619
306,3,4,3,5,127,2,304305127,AMA   - La,304,5.5609498,-.15691701
694,6,14,3,4,107,1,614304107,Asokwa(Atonso),614,6.6523499,-1.58736
665,6,11,2,0,51,11,611200051,Ejisu Juaben,611,6.6152701,-1.2269599
158,2,6,1,0,23,2,206100023,Gomoa West,206,5.2620502,-.76064998
905,8,5,1,0,61,1,805100061,East Gonja,805,8.4322996,-.75595599
871,7,19,1,0,122,10,719100122,Sene,719,7.75735,-.61684197
1063,9,7,1,0,17,4,907100017,Bawku West,907,10.7593,-.494275
374,3,9,1,0,58,8,309100058,Dangbe West,309,5.7783899,.26721099
1184,10,8,1,0,78,12,1008100078,Lambussie Karni,1008,10.9989,-2.7428501
535,5,6,1,0,3,1,506100003,Akwapim North,506,5.9027801,-.19335601
566,5,11,1,0,141,1,511100141,Upper Manya Krobo,511,6.4163299,-.104004
267,3,3,2,0,29,1,303200029,Ga East,303,5.66117,-.24928001
429,4,8,2,0,98,15,408200098,Ho,408,6.5734801,.41240099
514,5,3,2,0,147,1,503200147,West Akim,503,5.8365302,-.459831
1111,10,1,1,0,84,1,1001100084,Wa West,1001,10.0489,-2.5118699
115,1,17,1,0,5,1,117100005,Bia,117,6.40589,-3.19944
1102,9,9,2,0,303,24,909200303,Bawku Municipal,909,11.0734,-.253757
75,1,10,1,0,139,19,110100139,Wassa Amenfi East,110,5.9026799,-2.1285601
103,1,15,1,0,8,2,115100008,Sefwi Bibiani-Ahwiaso Bekwai,115,6.1497598,-2.26477
1027,9,3,1,0,107,1,903100107,Kasena Nankana East,903,10.9159,-1.13393
633,6,3,1,0,31,1,603100031,Amansie Central,603,6.17274,-1.7707601
1064,9,7,1,0,35,1,907100035,Bawku West,907,10.8433,-.502527
538,5,6,1,0,99,9,506100099,Akwapim North,506,5.95541,-.285734
1148,10,5,1,0,57,1,1005100057,Nadowli,1005,10.3497,-2.40505
218,2,14,2,0,102,1,214200102,Assin North,214,5.7024999,-1.28423
959,8,12,1,0,77,1,812100077,Tolon Kumbugu,812,9.4397898,-.987019
1182,10,8,1,0,55,1,1008100055,Lambussie Karni,1008,10.9325,-2.59777
37,1,5,3,3,22,6,105303022,Sekondi-Takoradi  -  Sekondi,105,4.9243002,-1.7440799
129,2,2,3,1,40,1,202301040,Cape Coast   South,202,5.10572,-1.23922
141,2,3,1,0,187,1,203100187,Abura / Asebu / Kwamankese,203,5.3380098,-1.71191
870,7,19,1,0,85,5,719100084,Sene,719,7.7123699,-.75349498
752,6,20,1,0,149,20,620100149,Kwabre  East,620,6.8081698,-1.53931
1200,10,9,1,0,179,1,1009100179,Lawra,1009,10.9914,-2.7924099
588,5,14,1,0,252,24,514100252,Kwaebibirem,514,6.2169499,-.83425599
958,8,12,1,0,63,12,812100063,Tolon Kumbugu,812,9.3963404,-.98383403
497,4,18,1,0,106,12,418100106,Nkwanta North,418,8.7227297,.39129999
978,8,15,1,0,95,10,815100095,Gushiegu,815,9.9083004,-.212688
672,6,13,1,0,38,9,613100038,Atwima Kwanwoma,613,6.5756898,-1.63214
1009,9,1,1,0,77,1,901100077,Builsa,901,10.6075,-1.26249
116,1,17,1,0,44,1,117100044,Bia,117,6.6081901,-2.9853401
51,1,7,1,0,29,1,107100029,Mpohor-Wassa East,107,5.04182,-1.81014
22,1,5,3,1,10,1,105301010,Sekondi-Takoradi  -  Kwesimintsim,105,4.91154,-1.7857701
439,4,8,2,0,382,45,408200382,Ho,408,6.7461901,.62538201
140,2,3,1,0,140,1,203100140,Abura / Asebu / Kwamankese,203,5.3006902,-1.26168
1134,10,3,1,0,79,1,1003100079,Wa East,1003,10.2256,-1.91549
1069,9,7,1,0,118,1,907100118,Bawku West,907,10.9696,-.567756
678,6,14,3,1,143,14,614301143,KMA    - Kwadaso,614,6.6928201,-1.67041
470,4,13,1,0,81,11,413100081,Jasikan,413,7.42799,.406625
1061,9,6,1,0,116,1,906100116,Bongo,906,10.957,-.84463501
896,8,3,1,0,22,1,803100022,West Gonja,803,9.0862103,-1.8209701
346,3,6,2,0,97,1,306200097,Ledzokuku / Krowor,306,5.5911798,-.108067
739,6,17,1,0,16,2,617100016,Ahafo Ano North,617,6.8277798,-2.2814901
1022,9,3,1,0,7,2,903100007,Kasena Nankana East,903,10.5939,-1.00753
131,2,2,3,1,89,1,202301089,Cape Coast   South,202,5.1107502,-1.26511
496,4,18,1,0,72,7,418100072,Nkwanta North,418,8.5699196,.40473199
1024,9,3,1,0,42,10,903100042,Kasena Nankana East,903,10.8553,-.99763203
15,1,3,2,0,60,1,103200060,Nzema East,103,4.9450102,-2.19067
465,4,12,1,0,8,1,412100008,Biakoye,412,7.1149902,.322669
1020,9,2,1,0,107,1,902100107,Kasena Nankana West,902,10.9039,-.994353
224,2,15,1,0,54,1,215100054,Twifo / Heman / Lower Denkyira,215,5.61164,-1.54198
864,7,18,1,0,81,11,718100081,Atebubu Amantin,718,7.73666,-.993375
908,8,5,1,0,148,24,805100148,East Gonja,805,8.5440798,-.52149099
404,4,4,1,0,72,1,404100072,Ketu North,404,6.1542401,.962143
619,5,21,1,0,117,1,521100117,Kwahu North,521,6.71943,-.35819101
57,1,8,2,0,69,13,108200069,Tarkwa Nsuaem,108,5.2161498,-2.0275099
859,7,17,1,0,57,9,717100057,Nkoranza North,717,7.7087402,-1.8563499
606,5,18,2,0,50,5,518200050,Kwahu West,518,6.5493202,-.771294
73,1,10,1,0,70,10,110100070,Wassa Amenfi East,110,5.7825699,-2.0816901
1000,8,20,1,0,94,18,820100094,West Mamprusi,820,10.2827,-1.44087
972,8,14,1,0,20,1,814100020,Karaga,814,9.7772198,-.614124
953,8,11,3,3,99,18,811303099,Tamale North,811,9.3975601,-.85513997
833,7,13,1,0,17,2,713100017,Tain,713,7.70401,-2.2283599
913,8,6,1,0,110,1,806100110,Kpandai,806,8.3624001,-.32392901
147,2,4,2,0,159,1,204200158,Mfantsiman,204,5.2389302,-1.0288301
900,8,4,1,0,13,2,804100013,Gonja Central,804,8.7836399,-1.46938
627,6,1,1,0,92,23,601100092,Atwima Mponua,601,6.6068301,-2.0655401
214,2,13,1,0,145,1,213100145,Assin South,213,5.7024999,-1.28423
290,3,4,3,2,140,7,304302140,AMA  - Ablekuma Central,304,5.55058,-.25911
263,3,2,2,0,310,22,302200310,Ga West,302,5.6919699,-.284233
556,5,9,1,0,46,4,509100046,Lower Manya Krobo,509,6.1563401,.033363
32,1,5,3,2,5,1,105302005,Sekondi-Takoradi  -  Takoradi,105,4.8800001,-1.76027
684,6,14,3,2,106,11,614302106,KMA   - Nhyiaeso,614,6.66152,-1.64333
34,1,5,3,2,54,1,105302054,Sekondi-Takoradi  -  Takoradi,105,4.8996301,-1.76139
1037,9,4,2,0,116,7,904200116,Bolgatanga,904,10.7903,-.84824002
637,6,4,1,0,53,1,604100053,Adansi South,604,5.9537401,-1.50898
997,8,20,1,0,7,1,820100007,West Mamprusi,820,10.1987,-1.51021
523,5,4,1,0,130,13,504100130,Suhum / Kraboa Coaltar,504,6.0070601,-.51757097
48,1,6,1,0,53,7,106100053,Shama,106,5.02034,-1.66723
740,6,17,1,0,76,6,617100076,Ahafo Ano North,617,6.95682,-2.09887
1181,10,8,1,0,43,6,1008100043,Lambussie Karni,1008,10.0689,-2.5090599
701,6,14,3,5,228,9,614305228,KMA  -  Oforikrom,614,6.6900702,-1.53943
322,3,4,3,9,10,1,304309010,AMA  - Ablekuma North,304,5.5598502,-.27239999
151,2,5,1,0,25,1,205100025,Ajumanku / Enyan / Essiam,205,5.3983698,-.98398298
175,2,8,1,0,153,12,208100153,Gomoa East,208,5.5195398,-.44506401
265,3,2,2,0,376,1,302200376,Ga West,302,5.70223,-.299833
266,3,2,2,0,426,1,302200426,Ga West,302,5.79708,-.43382001
1026,9,3,1,0,89,15,903100089,Kasena Nankana East,903,10.8833,-1.07101
648,6,6,1,0,93,1,606100093,Adansi North,606,6.2342701,-1.55396
999,8,20,1,0,64,11,820100064,West Mamprusi,820,10.2967,-.63574702
749,6,20,1,0,9,1,620100009,Kwabre  East,620,6.7417598,-1.56098
121,2,1,2,0,32,5,201200032,Komenda / Edina / Eguafo / Abirem,201,5.0510998,-1.50749
712,6,14,3,7,94,4,614307094,KMA   -  Manhyia,614,6.70753,-1.60795
651,6,7,2,0,127,26,607200127,Bekwai Municipal,607,6.4542198,-1.57739
762,6,23,1,0,104,16,623100104,Sekyere East,623,6.8387399,-1.3903199
1169,10,6,1,0,129,20,1006100129,Jirapa,1006,10.5945,-2.7171299
251,3,1,2,0,534,19,301200534,Weija (Ga South),301,5.6014299,-.30164999
336,3,4,3,11,50,6,304311050,AMA - Ayawaso West Wogon,304,5.6619501,-.171583
654,6,8,1,0,37,7,608100037,Bosome Freho,608,6.3227701,-1.30809
332,3,4,3,10,138,6,304310138,AMA  -  Okai Koi North,304,5.6121502,-.233409
955,8,11,3,3,158,21,811303158,Tamale North,811,9.4050598,-.842547
647,6,6,1,0,33,1,606100033,Adansi North,606,6.1530399,-1.54819
889,8,1,1,0,28,1,801100028,Bole,801,8.5030899,-2.17047
120,1,17,1,0,171,1,117100171,Bia,117,6.89573,-3.1212001
107,1,15,1,0,135,27,115100135,Sefwi Bibiani-Ahwiaso Bekwai,115,6.36834,-2.30971
485,4,16,1,0,125,1,416100125,Krachi West,416,8.0720196,-.071736999
882,7,21,1,0,88,1,721100088,Kintampo South,721,7.9757099,-1.59633
773,6,27,1,0,66,7,627100066,Offinso North,627,7.3982201,-1.96558
564,5,11,1,0,53,1,511100053,Upper Manya Krobo,511,6.32301,-.28523099
687,6,14,3,3,70,2,614303070,KMA   -  Subin,614,6.6810699,-1.59851
692,6,14,3,4,25,1,614304025,Asokwa(Atonso),614,6.6308599,-1.5985301
1077,9,8,1,0,94,1,908100094,Garu Tempane,908,10.8369,-.141277
704,6,14,3,6,63,2,614306063,KMA   - Asawase,614,6.6960602,-1.60111
1138,10,4,1,0,33,9,1004100033,Sissala East,1004,10.6169,-1.85103
686,6,14,3,3,30,2,614303030,KMA   -  Subin,614,6.6815801,-1.60364
745,6,19,1,0,51,7,619100051,Afigya Kwabre,619,6.7567501,-1.60583
25,1,5,3,1,83,1,105301083,Sekondi-Takoradi  -  Kwesimintsim,105,4.91537,-1.78566
1090,9,9,2,0,100,12,909200100,Bawku Municipal,909,11.0912,-.024364
720,6,14,3,8,192,3,614308192,KMA     -  Old Tafo,614,6.7388101,-1.60807
356,3,7,2,0,173,1,307200173,Ashaiman,307,5.6985002,-.036497001
690,6,14,3,3,191,6,614303191,KMA   -  Subin,614,6.68854,-1.60984
378,3,10,1,0,63,1,310100063,Dangbe East,310,5.77213,.65838301
408,4,5,1,0,14,2,405100014,Akatsi,405,6.01232,.82635403
983,8,16,1,0,102,1,816100102,Saboba,816,9.8114996,.055757001
729,6,14,3,10,172,8,614310172,KMA   -  Bantama,614,6.72931,-1.64162
599,5,17,1,0,4,1,517100004,Atiwa,517,6.2417002,-.67672199
228,2,15,1,0,174,1,215100174,Twifo / Heman / Lower Denkyira,215,5.6577702,-1.61966
355,3,7,2,0,136,1,307200136,Ashaiman,307,5.69454,-.034982
724,6,14,3,9,122,4,614309122,KMA   - Suame,614,6.7487602,-1.61408
688,6,14,3,3,111,3,614303111,KMA   -  Subin,614,6.6852798,-1.61136
291,3,4,3,2,176,5,304302176,AMA  - Ablekuma Central,304,5.5553298,-.236302
2,1,1,1,0,44,7,101100044,Jomoro,101,5.0409598,-2.8376
734,6,15,1,0,195,34,615100195,Atwima Nwabiagya,615,6.7684999,-1.68478
1168,10,6,1,0,117,16,1006100117,Jirapa,1006,10.6915,-2.5657201
213,2,13,1,0,114,20,213100114,Assin South,213,5.7024999,-1.28423
691,6,14,3,3,231,4,614303231,KMA   -  Subin,614,6.69175,-1.62459
721,6,14,3,9,2,1,614309002,KMA   - Suame,614,6.7168899,-1.62849
418,4,6,1,0,124,13,406100124,North Tongu,406,6.1037302,.20686901
299,3,4,3,3,144,3,304303144,AMA  -Ashiedu Keteke,304,5.5488501,-.213617
869,7,19,1,0,49,1,719100049,Sene,719,7.7746201,-.15734699
372,3,8,3,3,130,8,308303130,Kpone Katamanso,308,5.7416801,-.044829998
433,4,8,2,0,212,19,408200212,Ho,408,6.60291,.469787
584,5,14,1,0,113,11,514100113,Kwaebibirem,514,6.0554199,-.79428601
597,5,16,1,0,41,6,516100041,Birim North,516,6.34835,-.99748498
565,5,11,1,0,90,1,511100090,Upper Manya Krobo,511,6.3912201,-.194593
613,5,20,1,0,7,1,520100007,Kwahu East,520,6.6406898,-.847525
671,6,12,1,0,134,33,612100134,Bosumtwi,612,7.3879399,-1.48516
6,1,1,1,0,166,31,101100166,Jomoro,101,5.0989399,-2.5880201
904,8,5,1,0,26,1,805100026,East Gonja,805,8.3498201,-.66305602
259,3,2,2,0,123,7,302200123,Ga West,302,5.61198,-.251517
210,2,13,1,0,21,3,213100021,Assin South,213,5.3783102,-1.14501
634,6,3,1,0,91,18,603100091,Amansie Central,603,6.28052,-1.68955
743,6,18,2,0,100,1,618200100,Offinso Municipal,618,7.1002598,-1.83272
611,5,19,1,0,84,2,519100084,Kwahu South,519,6.60742,-.71507102
639,6,4,1,0,188,21,604100188,Adansi South,604,6.1239901,-1.65354
1130,10,3,1,0,30,4,1003100030,Wa East,1003,9.9153004,-1.77956
1044,9,4,2,0,228,11,904200228,Bolgatanga,904,10.8338,-.75379699
219,2,14,2,0,134,1,214200134,Assin North,214,5.7024999,-1.28423
1091,9,9,2,0,131,14,909200131,Bawku Municipal,909,11.0476,-.26913401
675,6,14,3,1,22,6,614301022,KMA    - Kwadaso,614,6.6589599,-1.65942
55,1,7,1,0,171,1,107100171,Mpohor-Wassa East,107,5.5777998,-1.65974
644,6,5,2,0,187,9,605200187,Obuasi Municipal,605,6.1956501,-1.6608
499,5,1,1,0,47,3,501100047,Birim South,501,5.8344302,-.999183
353,3,7,2,0,64,1,307200064,Ashaiman,307,5.6884899,-.034189999
925,8,9,1,0,3,1,809100003,Zabzugu Tatali,809,8.8682299,.318113
645,6,5,2,0,227,9,605200227,Obuasi Municipal,605,6.2062101,-1.66844
321,3,4,3,8,108,5,304308108,AMA - Okaikoi South,304,5.5799699,-.23944999
674,6,13,1,0,122,29,613100122,Atwima Kwanwoma,613,6.66114,-1.72173
8,1,1,1,0,218,41,101100218,Jomoro,101,5.28545,-2.7467599
680,6,14,3,1,223,14,614301223,KMA    - Kwadaso,614,6.7058401,-1.67416
635,6,3,1,0,133,26,603100133,Amansie Central,603,6.3453698,-1.67555
422,4,6,1,0,246,1,406100246,North Tongu,406,6.25736,.53883302
1032,9,4,2,0,48,5,904200048,Bolgatanga,904,10.7886,-.80957198
706,6,14,3,6,143,2,614306143,KMA   - Asawase,614,6.6980801,-1.59736
398,4,3,1,0,112,1,403100112,Ketu South,403,6.0914502,1.07222
839,7,14,2,0,60,8,714200060,Wenchi,714,7.7350502,-2.1106999
854,7,16,1,0,43,5,716100043,Nkoranza South,716,7.4336801,-1.66135
835,7,13,1,0,73,1,713100073,Tain,713,7.9228702,-2.3742599
650,6,7,2,0,59,17,607200059,Bekwai Municipal,607,6.4251099,-1.6911
764,6,24,1,0,103,11,624100103,Sekyere Afram Plains,624,6.9280601,-1.37625
471,4,14,1,0,19,1,414100019,Kadjebi,414,7.52882,.476466
1167,10,6,1,0,105,14,1006100105,Jirapa,1006,10.6203,-2.5962801
463,4,11,2,0,301,43,411200301,Hohoe,411,7.1985002,.51873702
984,8,17,1,0,22,1,817100022,Chereponi,817,10.1174,.277942
38,1,5,3,3,46,7,105303046,Sekondi-Takoradi  -  Sekondi,105,4.9366598,-1.7127399
109,1,16,1,0,6,1,116100006,Juabeso,116,6.1961298,-2.9519501
1001,8,20,1,0,138,26,820100138,West Mamprusi,820,10.3479,-.69043201
18,1,4,1,0,34,8,104100034,Ahanta West,104,4.8208599,-2.1696701
862,7,18,1,0,46,1,718100046,Atebubu Amantin,718,7.73349,-.93727601
364,3,8,3,2,40,2,308302040,Tema East,308,5.6478601,.01778
381,4,1,1,0,21,1,401100021,South Tongu,401,5.9056702,.67663902
576,5,13,2,0,111,15,513200111,East Akim,513,6.16747,-.57713002
1174,10,7,1,0,37,8,1007100037,Sissala West,1007,10.9356,-2.1347799
1030,9,4,2,0,12,1,904200012,Bolgatanga,904,10.7566,-.88230002
890,8,1,1,0,78,1,801100078,Bole,801,9.1212597,-2.6675701
258,3,2,2,0,86,6,302200086,Ga West,302,5.6086001,-.25643301
289,3,4,3,2,104,4,304302104,AMA  - Ablekuma Central,304,5.5517402,-.23515201
579,5,13,2,0,223,26,513200223,East Akim,513,6.2362199,-.51987702
52,1,7,1,0,62,1,107100062,Mpohor-Wassa East,107,5.12326,-1.70672
703,6,14,3,6,23,1,614306023,KMA   - Asawase,614,6.6947298,-1.61127
135,2,2,3,2,86,18,202302086,Cape Coast   North,202,5.2302599,-1.32806
26,1,5,3,1,108,6,105301108,Sekondi-Takoradi  -  Kwesimintsim,105,4.9218702,-1.74973
414,4,5,1,0,188,14,405100188,Akatsi,405,6.0191798,.36898699
510,5,3,2,0,4,1,503200004,West Akim,503,6.49192,.150152
709,6,14,3,6,264,11,614306264,KMA   - Asawase,614,6.7112498,-1.56777
1133,10,3,1,0,67,1,1003100067,Wa East,1003,10.1116,-2.3468599
1123,10,2,2,0,87,10,1002200087,Wa Municipal,1002,10.0751,-2.49245
610,5,19,1,0,41,6,519100041,Kwahu South,519,6.6025801,-.770248
1142,10,4,1,0,75,18,1004100075,Sissala East,1004,10.866,-1.98409
188,2,9,2,0,229,19,209200229,Awutu Senya,209,5.68292,-.54743302
950,8,11,3,3,13,2,811303013,Tamale North,811,9.4039698,-.84819001
1046,9,5,1,0,35,5,905100035,Talensi Nabdam,905,10.7201,-.793639
996,8,19,1,0,144,23,819100144,East Mamprusi,819,10.5355,-.437392
549,5,7,2,0,239,7,507200239,New Juaben Municipal,507,6.1593099,-.29889101
341,3,5,2,0,192,10,305200192,Adenta,305,5.7055802,-.128668
31,1,5,3,1,208,7,105301208,Sekondi-Takoradi  -  Kwesimintsim,105,4.9419498,-1.7782201
685,6,14,3,2,146,18,614302146,KMA   - Nhyiaeso,614,6.6907501,-1.64288
507,5,2,2,0,134,15,502200134,Birim  Central Municipal,502,5.93894,-.95482302
638,6,4,1,0,113,1,604100113,Adansi South,604,6.0176702,-1.67865
358,3,7,2,0,245,1,307200245,Ashaiman,307,5.7056799,-.049952
863,7,18,1,0,77,10,718100077,Atebubu Amantin,718,7.7789798,-1.2251101
897,8,3,1,0,51,1,803100051,West Gonja,803,9.2888002,-1.7775199
718,6,14,3,8,112,3,614308112,KMA     -  Old Tafo,614,6.7225099,-1.60102
525,5,4,1,0,181,20,504100181,Suhum / Kraboa Coaltar,504,6.03158,-.44345701
910,8,6,1,0,4,1,806100004,Kpandai,806,8.1791096,-.44379601
519,5,3,2,0,290,29,503200290,West Akim,503,5.9074001,-.73399401
779,7,2,2,0,27,1,702200027,Asunafo North,702,6.7130799,-2.8304
652,6,7,2,0,155,27,607200155,Bekwai Municipal,607,6.4585099,-1.60059
1070,9,7,1,0,136,1,907100136,Bawku West,907,10.9597,-.45091501
45,1,5,3,4,129,8,105304129,Sekondi-Takoradi  - Essikadu  -Ketan,105,4.9820399,-1.73057
369,3,8,3,3,21,3,308303021,Kpone Katamanso,308,5.6918502,.056095
19,1,4,1,0,81,16,104100081,Ahanta West,104,4.8926301,-1.84254
365,3,8,3,2,76,2,308302076,Tema East,308,5.6497698,.01653
856,7,16,1,0,97,12,716100097,Nkoranza South,716,7.4864302,-1.7315
884,7,22,2,0,12,3,722200012,Kintampo,722,8.0482702,-1.7334
946,8,11,3,2,101,2,811302101,Tamale Central,811,9.4005499,-.85240102
501,5,1,1,0,136,1,501100136,Birim South,501,5.88767,-1.18185
179,2,8,1,0,284,44,208100284,Gomoa East,208,5.5103202,-.69480002
502,5,1,1,0,152,18,501100152,Birim South,501,5.8968501,-1.01448
880,7,21,1,0,5,1,721100005,Kintampo South,721,7.7838202,-1.87295
1087,9,9,2,0,47,7,909200047,Bawku Municipal,909,10.9781,-.16771699
1025,9,3,1,0,72,14,903100072,Kasena Nankana East,903,10.8855,-1.05452
288,3,4,3,2,67,5,304302067,AMA  - Ablekuma Central,304,5.55409,-.231976
1120,10,2,2,0,58,10,1002200058,Wa Municipal,1002,10.0582,-2.5040901
1132,10,3,1,0,55,1,1003100055,Wa East,1003,10.0099,-2.289
183,2,9,2,0,92,3,209200092,Awutu Senya,209,5.5153599,-.420055
308,3,4,3,5,207,6,304305207,AMA   - La,304,5.5615702,-.16016699
24,1,5,3,1,59,5,105301059,Sekondi-Takoradi  -  Kwesimintsim,105,4.9095101,-1.76726
1050,9,5,1,0,105,16,905100105,Talensi Nabdam,905,10.765,-.70100999
847,7,15,2,0,171,14,715200171,Techiman,715,7.58988,-1.93823
980,8,15,1,0,156,1,815100156,Gushiegu,815,10.2744,-.047102999
152,2,5,1,0,32,5,205100032,Ajumanku / Enyan / Essiam,205,5.3674798,-.94575
780,7,2,2,0,62,1,702200062,Asunafo North,702,6.7603798,-2.6313601
172,2,8,1,0,79,11,208100079,Gomoa East,208,5.5193501,-.41264701
431,4,8,2,0,162,19,408200162,Ho,408,6.6136298,.48680601
516,5,3,2,0,206,21,503200206,West Akim,503,5.8682799,-.659015
58,1,8,2,0,93,19,108200093,Tarkwa Nsuaem,108,5.2769399,-2.00085
393,4,3,1,0,7,1,403100007,Ketu South,403,6.0394702,1.02625
241,3,1,2,0,168,12,301200168,Weija (Ga South),301,5.5409498,-.40610999
239,3,1,2,0,96,12,301200096,Weija (Ga South),301,5.5269299,-.40285
220,2,14,2,0,173,1,214200173,Assin North,214,5.7024999,-1.28423
375,3,9,1,0,131,16,309100131,Dangbe West,309,5.7031102,-.032570999
477,4,15,1,0,110,1,415100110,Krachi East,415,7.8741999,.30596301
100,1,14,1,0,177,30,114100177,Sefwi Wiawso,114,6.3861799,-2.6589
316,3,4,3,7,89,4,304307089,AMA  - Ayawaso Central,304,5.59168,-.21387
370,3,8,3,3,58,4,308303058,Kpone Katamanso,308,5.7241302,-.0088400003
1135,10,3,1,0,91,1,1003100091,Wa East,1003,10.2771,-1.83825
1104,9,9,2,0,340,30,909200340,Bawku Municipal,909,11.1274,-.25234699
255,3,1,2,0,682,1,301200682,Weija (Ga South),301,5.6918602,-.50243998
156,2,5,1,0,152,1,205100152,Ajumanku / Enyan / Essiam,205,5.4671502,-.94523299
77,1,11,1,0,28,1,111100028,Wassa Amenfi West,111,5.6653199,-2.4109099
80,1,11,1,0,118,13,111100118,Wassa Amenfi West,111,5.74366,-2.2841699
105,1,15,1,0,68,10,115100068,Sefwi Bibiani-Ahwiaso Bekwai,115,6.2537599,-2.2229099
568,5,12,1,0,20,4,512100020,Fanteakwa,512,6.2973199,-.41371199
681,6,14,3,1,263,27,614301263,KMA    - Kwadaso,614,6.7198501,-1.65465
400,4,3,1,0,190,18,403100190,Ketu South,403,6.0751901,1.0342799
1036,9,4,2,0,101,7,904200101,Bolgatanga,904,10.7846,-.85584098
1014,9,2,1,0,2,1,902100002,Kasena Nankana West,902,10.8465,-1.25123
989,8,18,1,0,102,1,818100102,Bunkpurugu Yonyo,818,10.4847,-.015386
359,3,8,3,1,22,3,308301022,Tema West,308,5.6350198,-.0084499996
677,6,14,3,1,102,11,614301102,KMA    - Kwadaso,614,6.6898398,-1.65448
99,1,14,1,0,122,1,114100122,Sefwi Wiawso,114,6.3227201,-2.59918
583,5,14,1,0,86,8,514100086,Kwaebibirem,514,6.08359,-.69921899
964,8,12,1,0,254,33,812100254,Tolon Kumbugu,812,9.6226702,-1.00939
942,8,11,3,1,79,11,811301079,Tamale South,811,9.3832798,-.86884397
134,2,2,3,2,56,9,202302056,Cape Coast   North,202,5.1543798,-1.27806
922,8,8,1,0,83,12,808100083,Nanumba North,808,8.8579302,.055744
1004,8,20,1,0,240,40,820100240,West Mamprusi,820,10.5799,-.87391597
542,5,7,2,0,45,1,507200045,New Juaben Municipal,507,6.0883498,-.25523201
571,5,12,1,0,137,1,512100137,Fanteakwa,512,6.5054202,-.32664201
1176,10,7,1,0,61,1,1007100061,Sissala West,1007,10.8894,-2.46575
245,3,1,2,0,316,13,301200316,Weija (Ga South),301,5.5530601,-.3251
309,3,4,3,6,30,1,304306030,AMA  - Ayawaso East,304,5.5782099,-.20292
618,5,21,1,0,66,3,521100066,Kwahu North,521,6.7349701,-.311149
1051,9,5,1,0,121,1,905100121,Talensi Nabdam,905,10.7652,-.773045
493,4,17,1,0,179,32,417100179,Nkwanta South,417,8.3928404,.41369501
952,8,11,3,3,69,11,811303069,Tamale North,811,9.5459404,-.835545
248,3,1,2,0,425,18,301200425,Weija (Ga South),301,5.5739598,-.30324
700,6,14,3,5,189,15,614305189,KMA  -  Oforikrom,614,6.6855102,-1.58119
54,1,7,1,0,138,1,107100138,Mpohor-Wassa East,107,5.42623,-1.6329499
380,3,10,1,0,185,1,310100185,Dangbe East,310,5.9670801,.47298899
669,6,12,1,0,55,15,612100055,Bosumtwi,612,6.5402098,-1.4783601
605,5,18,2,0,33,1,518200033,Kwahu West,518,6.4990101,-.69303501
921,8,8,1,0,63,1,808100063,Nanumba North,808,8.9479599,-.19314399
1190,10,9,1,0,64,5,1009100064,Lawra,1009,10.652,-2.8805101
440,4,8,2,0,416,55,408200416,Ho,408,6.78089,.41057301
314,3,4,3,7,16,1,304307016,AMA  - Ayawaso Central,304,5.5744901,-.21148001
1098,9,9,2,0,241,24,909200241,Bawku Municipal,909,11.0599,-.236935
163,2,6,1,0,140,25,206100140,Gomoa West,206,5.4208298,-.84777999
419,4,6,1,0,159,1,406100159,North Tongu,406,6.1174998,.440615
534,5,5,2,0,183,1,505200183,Akwapim South,505,5.8594699,-.281753
1158,10,6,1,0,3,1,1006100003,Jirapa,1006,10.4559,-2.8055999
401,4,3,1,0,225,1,403100225,Ketu South,403,6.1552501,1.11257
934,8,10,2,0,141,20,810200141,Yendi,810,9.4174995,-.27914399
1189,10,9,1,0,49,4,1009100049,Lawra,1009,10.6511,-2.7216101
591,5,15,1,0,17,3,515100017,Akyemansa,515,6.0063701,-1.03743
278,3,4,3,1,8,2,304301008,AMA  -  Ablekuma South,304,5.5215302,-.278133
850,7,15,2,0,259,1,715200259,Techiman,715,7.6435099,-2.0625701
1147,10,5,1,0,45,1,1005100045,Nadowli,1005,10.3002,-2.23193
328,3,4,3,9,228,5,304309228,AMA  - Ablekuma North,304,5.59864,-.256275
1100,9,9,2,0,272,24,909200272,Bawku Municipal,909,11.0445,-.274326
715,6,14,3,7,215,6,614307215,KMA   -  Manhyia,614,6.7456398,-1.58917
139,2,3,1,0,109,1,203100109,Abura / Asebu / Kwamankese,203,5.1367698,-1.20214
132,2,2,3,2,24,1,202302024,Cape Coast   North,202,5.1230998,-1.27645
256,3,2,2,0,14,1,302200014,Ga West,302,5.5740499,-.282083
575,5,13,2,0,65,1,513200065,East Akim,513,6.1651101,-.390948
657,6,9,1,0,88,11,609100088,Asante Akim South,609,6.47716,-1.08636
586,5,14,1,0,182,1,514100182,Kwaebibirem,514,6.09095,-.96683502
362,3,8,3,1,131,4,308301131,Tema West,308,5.6438098,-.060516
529,5,5,2,0,37,1,505200037,Akwapim South,505,5.8057699,-.3488
262,3,2,2,0,274,21,302200274,Ga West,302,5.6503701,-.26855001
323,3,4,3,9,46,2,304309046,AMA  - Ablekuma North,304,5.5711002,-.26444
994,8,19,1,0,78,1,819100078,East Mamprusi,819,10.4632,.013434
1144,10,5,1,0,9,2,1005100009,Nadowli,1005,10.212,-2.6487401
1034,9,4,2,0,70,7,904200070,Bolgatanga,904,10.7806,-.85892701
738,6,16,1,0,161,26,616100161,Ahafo Ano South,616,7.0016999,-1.95288
711,6,14,3,7,54,2,614307054,KMA   -  Manhyia,614,6.7033,-1.62082
1007,9,1,1,0,42,1,901100042,Builsa,901,10.5857,-1.22879
427,4,8,2,0,57,1,408200057,Ho,408,6.5139999,.32020599
10,1,2,1,0,33,10,102100033,Ellembelle,102,4.9358501,-2.3550799
520,5,4,1,0,8,1,504100008,Suhum / Kraboa Coaltar,504,5.8736501,-.51291198
756,6,21,1,0,132,17,621100132,Sekyere South,621,7.0523701,-1.51718
127,2,1,2,0,178,30,201200178,Komenda / Edina / Eguafo / Abirem,201,5.1866002,-1.42535
956,8,11,3,3,195,26,811303195,Tamale North,811,9.4528904,-.85622001
84,1,12,1,0,9,1,112100009,Aowin Suaman,112,5.4282498,-2.70855
1053,9,5,1,0,157,1,905100157,Talensi Nabdam,905,10.79,-.62834901
1192,10,9,1,0,85,1,1009100085,Lawra,1009,10.7447,-2.7175601
895,8,2,1,0,148,1,802100148,Sawla / Tuna / Kalba,802,9.6912003,-2.4903901
602,5,17,1,0,108,17,517100108,Atiwa,517,6.3761401,-.54099101
929,8,9,1,0,126,1,809100126,Zabzugu Tatali,809,9.3347397,.50510502
609,5,19,1,0,27,1,519100027,Kwahu South,519,6.5396299,-.75877202
707,6,14,3,6,183,1,614306183,KMA   - Asawase,614,6.70122,-1.6084
577,5,13,2,0,129,16,513200129,East Akim,513,6.1656599,-.55759901
384,4,1,1,0,124,1,401100124,South Tongu,401,6.0625601,.66790903
20,1,4,1,0,104,19,104100104,Ahanta West,104,4.88377,-1.96324
543,5,7,2,0,76,1,507200076,New Juaben Municipal,507,6.0876398,-.26209801
664,6,10,2,0,210,18,610200210,Asante Akim North,610,6.7982101,-1.08034
947,8,11,3,2,130,11,811302130,Tamale Central,811,9.4013901,-.87778598
567,5,11,1,0,178,1,511100178,Upper Manya Krobo,511,6.4685102,-.105113
192,2,10,1,0,49,6,210100049,Agona East,210,5.60325,-.635333
187,2,9,2,0,196,16,209200196,Awutu Senya,209,5.6549702,-.58160001
235,2,17,1,0,51,1,217100051,Upper Denkyira West,217,6.1485901,-2.14797
389,4,2,2,0,118,13,402200118,Keta Municipal,402,5.87781,.984869
421,4,6,1,0,215,23,406100215,North Tongu,406,6.2561998,.13669001
630,6,2,1,0,73,17,602100073,Amansie West,602,6.3182902,-1.97701
625,5,21,1,0,309,1,521100309,Kwahu North,521,7.0436401,-.090306997
363,3,8,3,2,3,2,308302003,Tema East,308,5.6423602,.02454
876,7,20,1,0,99,1,720100099,Pru,720,8.1152601,-.74062002
804,7,6,1,0,109,12,706100109,Tano South,706,7.17553,-2.0654299
513,5,3,2,0,99,15,503200099,West Akim,503,5.7595801,-.60414201
726,6,14,3,10,51,2,614310051,KMA   -  Bantama,614,6.7007599,-1.64143
1161,10,6,1,0,40,4,1006100040,Jirapa,1006,10.6955,-2.3831201
604,5,17,1,0,171,27,517100171,Atiwa,517,6.4759302,-.64855498
877,7,20,1,0,131,18,720100131,Pru,720,8.2263098,-.658912
866,7,18,1,0,114,11,718100114,Atebubu Amantin,718,7.7482901,-.98229498
622,5,21,1,0,218,1,521100218,Kwahu North,521,7.1275501,-.45937499
250,3,1,2,0,497,18,301200497,Weija (Ga South),301,5.5861301,-.32710999
977,8,15,1,0,56,9,815100056,Gushiegu,815,9.8671303,-.29927
110,1,16,1,0,27,4,116100027,Juabeso,116,6.2126598,-2.7665401
351,3,6,2,0,279,5,306200279,Ledzokuku / Krowor,306,5.6027498,-.120467
506,5,2,2,0,102,12,502200102,Birim  Central Municipal,502,5.9035602,-.88042498
624,5,21,1,0,278,26,521100278,Kwahu North,521,7.0452499,-.080398999
319,3,4,3,8,36,1,304308036,AMA - Okaikoi South,304,5.5770502,-.246333
517,5,3,2,0,236,21,503200236,West Akim,503,5.8598399,-.67440099
539,5,6,1,0,148,1,506100148,Akwapim North,506,6.01122,-.139763
1154,10,5,1,0,130,21,1005100130,Nadowli,1005,10.395,-2.5215199
1096,9,9,2,0,210,24,909200210,Bawku Municipal,909,11.0355,-.25589299
483,4,16,1,0,57,4,416100057,Krachi West,416,7.89886,.0050980002
574,5,13,2,0,59,6,513200059,East Akim,513,6.1838002,-.36269599
397,4,3,1,0,97,9,403100097,Ketu South,403,6.1258702,1.19617
504,5,2,2,0,50,1,502200050,Birim  Central Municipal,502,5.7579298,-.79650098
1179,10,8,1,0,18,3,1008100018,Lambussie Karni,1008,10.8488,-2.5081601
582,5,14,1,0,55,7,514100055,Kwaebibirem,514,6.0387802,-.80790001
790,7,4,2,0,20,2,704200020,Dormaa Municipal,704,6.9594402,-3.0343599
1054,9,5,1,0,174,1,905100174,Talensi Nabdam,905,10.8516,-.70345998
191,2,10,1,0,38,1,210100038,Agona East,210,5.59238,-.66543299
1115,10,2,2,0,8,1,1002200008,Wa Municipal,1002,9.9612799,-2.4410501
40,1,5,3,4,1,1,105304001,Sekondi-Takoradi  - Essikadu  -Ketan,105,4.9375401,-1.7521501
1075,9,8,1,0,59,1,908100059,Garu Tempane,908,10.8517,-.058090001
1180,10,8,1,0,31,5,1008100031,Lambussie Karni,1008,10.8513,-2.7090099
886,7,22,2,0,81,6,722200081,Kintampo,722,8.16784,-1.68989
509,5,2,2,0,195,16,502200195,Birim  Central Municipal,502,5.9354401,-.985277
861,7,17,1,0,102,17,717100102,Nkoranza North,717,7.77705,-1.70145
754,6,21,1,0,50,8,621100050,Sekyere South,621,6.9358602,-1.48791
242,3,1,2,0,205,12,301200205,Weija (Ga South),301,5.5462899,-.41639999
108,1,15,1,0,178,31,115100178,Sefwi Bibiani-Ahwiaso Bekwai,115,6.4647002,-2.3164799
490,4,17,1,0,79,1,417100079,Nkwanta South,417,8.1978502,.18887401
1042,9,4,2,0,192,1,904200192,Bolgatanga,904,10.8226,-.93617201
1188,10,9,1,0,37,1,1009100037,Lawra,1009,10.6304,-2.8910601
716,6,14,3,8,31,1,614308031,KMA     -  Old Tafo,614,6.7123599,-1.61321
1160,10,6,1,0,28,3,1006100028,Jirapa,1006,10.5697,-2.5153
1139,10,4,1,0,45,12,1004100045,Sissala East,1004,10.6638,-1.95157
987,8,18,1,0,50,1,818100050,Bunkpurugu Yonyo,818,10.4755,-.131382
457,4,11,2,0,164,35,411200164,Hohoe,411,7.1591702,.47580701
1038,9,4,2,0,132,7,904200132,Bolgatanga,904,10.8016,-.88617599
93,1,13,1,0,44,3,113100044,Sefwi Akontobra,113,6.03965,-2.87307
801,7,6,1,0,17,4,706100017,Tano South,706,7.09167,-2.0336101
23,1,5,3,1,35,3,105301035,Sekondi-Takoradi  -  Kwesimintsim,105,4.9179902,-1.77116
464,4,11,2,0,335,51,411200335,Hohoe,411,7.22578,.56123197
727,6,14,3,10,91,3,614310091,KMA   -  Bantama,614,6.7167101,-1.63956
845,7,15,2,0,115,14,715200116,Techiman,715,7.5850301,-1.93296
548,5,7,2,0,234,1,507200234,New Juaben Municipal,507,6.1401801,-.35905901
1040,9,4,2,0,163,7,904200163,Bolgatanga,904,10.812,-.83237898
1088,9,9,2,0,65,1,909200065,Bawku Municipal,909,10.8895,-.33918899
1002,8,20,1,0,166,28,820100166,West Mamprusi,820,10.3545,-.79784501
165,2,6,1,0,209,45,206100209,Gomoa West,206,5.5001202,-.85390699
1156,10,5,1,0,154,25,1005100154,Nadowli,1005,10.3717,-2.66696
668,6,11,2,0,203,1,611200203,Ejisu Juaben,611,7.48912,-1.71965
96,1,14,1,0,29,8,114100029,Sefwi Wiawso,114,6.2116098,-2.45628
1057,9,6,1,0,37,3,906100037,Bongo,906,10.9136,-.81156898
560,5,10,1,0,78,1,510100078,Asuogyaman,510,6.3218899,.16076399
98,1,14,1,0,89,18,114100089,Sefwi Wiawso,114,6.2916899,-2.41835
985,8,17,1,0,69,1,817100069,Chereponi,817,10.2056,.23258001
748,6,19,1,0,210,1,619100210,Afigya Kwabre,619,6.9917002,-1.57383
659,6,9,1,0,175,1,609100175,Asante Akim South,609,6.6269202,-1.00405
33,1,5,3,2,29,1,105302029,Sekondi-Takoradi  -  Takoradi,105,4.8884001,-1.75363
975,8,15,1,0,11,1,815100011,Gushiegu,815,9.7023296,-.34560701
1043,9,4,2,0,210,1,904200210,Bolgatanga,904,10.8339,-.833565
522,5,4,1,0,92,11,504100092,Suhum / Kraboa Coaltar,504,5.99755,-.56628698
732,6,15,1,0,100,20,615100100,Atwima Nwabiagya,615,6.7144899,-1.72351
528,5,5,2,0,7,1,505200007,Akwapim South,505,5.8054199,-.35494
906,8,5,1,0,97,15,805100097,East Gonja,805,8.5314398,-.49472699
872,7,19,1,0,138,15,719100138,Sene,719,7.7921901,-.34006301
343,3,5,2,0,248,13,305200248,Adenta,305,5.7444301,-.152192
49,1,6,1,0,92,15,106100092,Shama,106,5.0784702,-1.6568
1031,9,4,2,0,30,2,904200030,Bolgatanga,904,10.7872,-.82517099
781,7,2,2,0,119,7,702200119,Asunafo North,702,6.8063102,-2.5190401
104,1,15,1,0,46,7,115100046,Sefwi Bibiani-Ahwiaso Bekwai,115,6.2304001,-2.2688701
735,6,15,1,0,209,36,615100209,Atwima Nwabiagya,615,6.8000102,-1.71275
164,2,6,1,0,170,36,206100170,Gomoa West,206,5.4208298,-.84777999
940,8,11,3,1,40,7,811301040,Tamale South,811,9.4808302,-.88155001
581,5,14,1,0,7,1,514100007,Kwaebibirem,514,5.9801202,-.93538201
46,1,6,1,0,13,2,106100013,Shama,106,4.9750199,-1.6485
405,4,4,1,0,107,10,404100107,Ketu North,404,6.21945,1.03767
1136,10,4,1,0,9,2,1004100009,Sissala East,1004,10.488,-1.78889
941,8,11,3,1,50,9,811301050,Tamale South,811,9.43402,-.85329998
589,5,14,1,0,273,30,514100273,Kwaebibirem,514,6.2438598,-.96972901
481,7,16,1,0,148,17,716100148,NKORANZA SOUTH,716,7.5679002,-1.7109801
930,8,10,2,0,13,1,810200013,Yendi,810,9.2925701,-.20059299
344,3,6,2,0,24,1,306200024,Ledzokuku / Krowor,306,5.5792999,-.105667
765,6,24,1,0,162,1,624100162,Sekyere Afram Plains,624,7.1559701,-.92774802
1058,9,6,1,0,63,8,906100063,Bongo,906,10.8797,-.87092298
81,1,11,1,0,146,16,111100146,Wassa Amenfi West,111,5.8088398,-2.4363999
487,4,17,1,0,1,1,417100001,Nkwanta South,417,7.9506001,.49272099
1033,9,4,2,0,55,7,904200055,Bolgatanga,904,10.7649,-.87208903
612,5,19,1,0,102,1,519100102,Kwahu South,519,6.50281,.149462
590,5,14,1,0,335,1,514100335,Kwaebibirem,514,6.3439398,-.875687
615,5,20,1,0,79,17,520100079,Kwahu East,520,6.6547899,-.66520399
885,7,22,2,0,39,3,722200039,Kintampo,722,8.0468998,-1.72966
56,1,8,2,0,36,1,108200036,Tarkwa Nsuaem,108,5.0647802,-2.1330199
974,8,14,1,0,110,1,814100110,Karaga,814,10.1799,-.33483601
1121,10,2,2,0,68,10,1002200068,Wa Municipal,1002,10.391,-2.33494
205,2,12,1,0,100,9,212100100,Asikuma / Odoben  / Brakwa,212,5.64007,-.88623297
945,8,11,3,2,73,7,811302073,Tamale Central,811,9.38486,-.84977001
125,2,1,2,0,146,22,201200146,Komenda / Edina / Eguafo / Abirem,201,5.5557299,-1.19581
207,2,12,1,0,147,12,212100147,Asikuma / Odoben  / Brakwa,212,5.6998,-.89038301
693,6,14,3,4,67,1,614304067,Asokwa(Atonso),614,6.6477098,-1.59311
409,4,5,1,0,48,1,405100048,Akatsi,405,6.0978699,.83140898
327,3,4,3,9,191,5,304309191,AMA  - Ablekuma North,304,5.5917902,-.255784
148,2,4,2,0,188,1,204200188,Mfantsiman,204,5.3250198,-.91801703
67,1,9,1,0,154,16,109100154,Prestea / Huni Valley,109,5.5180602,-1.86608
1118,10,2,2,0,39,10,1002200039,Wa Municipal,1002,10.0508,-2.5039999
1013,9,1,1,0,139,1,901100139,Builsa,901,10.7008,-1.27678
655,6,8,1,0,97,1,608100097,Bosome Freho,608,6.4429302,-1.4405
88,1,12,1,0,145,21,112100145,Aowin Suaman,112,5.8284001,-2.8178799
454,4,11,2,0,115,22,411200115,Hohoe,411,7.5372,.480369
1060,9,6,1,0,98,15,906100098,Bongo,906,10.9517,-.779962
1078,9,8,1,0,121,10,908100121,Garu Tempane,908,10.8875,-.192701
237,3,1,2,0,8,3,301200008,Weija (Ga South),301,5.48879,-.37213999
1029,9,3,1,0,142,1,903100142,Kasena Nankana East,903,10.9829,-.95230401
1112,10,1,1,0,96,1,1001100096,Wa West,1001,10.0489,-2.5118699
595,5,15,1,0,162,22,515100162,Akyemansa,515,6.1999302,-1.1195
480,4,15,1,0,176,12,415100176,Krachi East,415,8.0712795,.176367
1056,9,6,1,0,19,1,906100019,Bongo,906,10.8599,-.84368801
442,4,9,1,0,48,7,409100048,South Dayi,409,6.6006799,.166486
594,5,15,1,0,110,16,515100110,Akyemansa,515,6.15275,-1.05598
828,7,11,1,0,122,24,711100122,Jaman South,711,7.6907501,-2.7855
1059,9,6,1,0,80,12,906100080,Bongo,906,10.9065,-.90326399
592,5,15,1,0,40,5,515100040,Akyemansa,515,5.9962101,-1.05512
227,2,15,1,0,143,1,215100143,Twifo / Heman / Lower Denkyira,215,5.61164,-1.54198
536,5,6,1,0,45,6,506100045,Akwapim North,506,5.9347801,-.072039999
936,8,10,2,0,217,22,810200217,Yendi,810,9.4388304,.0039710002
553,5,8,1,0,147,1,508100147,Yilo Krobo,508,6.18329,-.26951
281,3,4,3,1,117,10,304301117,AMA  -  Ablekuma South,304,5.5360498,-.223083
561,5,10,1,0,115,1,510100115,Asuogyaman,510,6.36414,.057647001
673,6,13,1,0,92,24,613100092,Atwima Kwanwoma,613,6.62362,-1.65142
396,4,3,1,0,72,9,403100072,Ketu South,403,6.1105099,1.19327
1125,10,2,2,0,106,10,1002200106,Wa Municipal,1002,10.0702,-2.49931
617,5,21,1,0,28,1,521100028,Kwahu North,521,6.7006302,-.023638999
277,3,3,2,0,425,20,303200425,Ga East,303,5.7462502,-.17055
50,1,7,1,0,13,1,107100013,Mpohor-Wassa East,107,4.9691401,-1.89189
555,5,9,1,0,14,2,509100014,Lower Manya Krobo,509,6.1012101,.128282
307,3,4,3,5,162,5,304305162,AMA   - La,304,5.5651798,-.15995
736,6,16,1,0,34,1,616100034,Ahafo Ano South,616,6.7850699,-1.89425
21,1,4,1,0,132,22,104100132,Ahanta West,104,4.9051299,-1.85065
1101,9,9,2,0,288,24,909200288,Bawku Municipal,909,11.0693,-.236835
160,2,6,1,0,51,4,206100051,Gomoa West,206,5.3385,-.76106697
1183,10,8,1,0,67,1,1008100067,Lambussie Karni,1008,10.9229,-2.7195599
1129,10,3,1,0,18,1,1003100018,Wa East,1003,9.8121004,-2.26561
331,3,4,3,10,102,3,304310102,AMA  -  Okai Koi North,304,5.60043,-.239461
1066,9,7,1,0,71,12,907100071,Bawku West,907,10.8836,-.56108803
723,6,14,3,9,82,3,614309082,KMA   - Suame,614,6.7350302,-1.61377
981,8,16,1,0,22,1,816100022,Saboba,816,9.6336298,.28211001
446,4,10,1,0,57,10,410100057,Norh Dayi (Kpando),410,6.9094,.288185
991,8,18,1,0,181,1,818100181,Bunkpurugu Yonyo,818,10.6249,-.18871
403,4,4,1,0,29,1,404100029,Ketu North,404,6.1010599,.913589
492,4,17,1,0,145,22,417100145,Nkwanta South,417,8.3208303,.293874
451,4,11,2,0,34,1,411200034,Hohoe,411,6.9971399,.294285
631,6,2,1,0,133,30,602100133,Amansie West,602,6.5513101,-1.67594
1035,9,4,2,0,86,7,904200086,Bolgatanga,904,10.7791,-.85364598
1172,10,7,1,0,13,1,1007100013,Sissala West,1007,10.7716,-2.4467299
128,2,2,3,1,14,1,202301014,Cape Coast   South,202,5.1015,-1.24813
35,1,5,3,2,78,1,105302078,Sekondi-Takoradi  -  Takoradi,105,4.9007502,-1.75359
683,6,14,3,2,64,9,614302064,KMA   - Nhyiaeso,614,6.6594601,-1.62047
540,5,6,1,0,186,1,506100186,Akwapim North,506,6.0373602,-.14476299
753,6,20,1,0,190,27,620100190,Kwabre  East,620,6.8477302,-1.46557
844,7,15,2,0,89,14,715200089,Techiman,715,7.57796,-1.9288599
311,3,4,3,6,102,3,304306102,AMA  - Ayawaso East,304,5.5867701,-.20361
705,6,14,3,6,101,1,614306101,KMA   - Asawase,614,6.6963902,-1.61009
518,5,3,2,0,252,1,503200252,West Akim,503,5.9223599,-.67668802
198,2,11,2,0,101,3,211200101,Agona West,211,5.5403199,-.69488299
415,4,6,1,0,22,1,406100022,North Tongu,406,6.0191798,.36898699
377,3,10,1,0,14,3,310100014,Dangbe East,310,5.7930698,.370388
326,3,4,3,9,155,6,304309155,AMA  - Ablekuma North,304,5.5874,-.25103301
186,2,9,2,0,168,10,209200168,Awutu Senya,209,5.57377,-.446033
767,6,25,1,0,71,8,625100071,Sekyere Central,625,7.0467401,-1.35428
961,8,12,1,0,148,1,812100148,Tolon Kumbugu,812,9.5527201,-.9461
276,3,3,2,0,371,11,303200371,Ga East,303,5.6911602,-.24839699
257,3,2,2,0,50,4,302200050,Ga West,302,5.6092,-.2694
428,4,8,2,0,93,14,408200093,Ho,408,6.5676699,.40244901
708,6,14,3,6,223,9,614306223,KMA   - Asawase,614,6.7042699,-1.58766
1045,9,5,1,0,17,3,905100017,Talensi Nabdam,905,10.6849,-.66992998
679,6,14,3,1,183,17,614301183,KMA    - Kwadaso,614,6.6989698,-1.6888601
150,2,4,2,0,250,1,204200250,Mfantsiman,204,5.35955,-1.05678
1108,10,1,1,0,48,1,1001100048,Wa West,1001,10.0489,-2.5118699
279,3,4,3,1,44,10,304301044,AMA  -  Ablekuma South,304,5.5249801,-.23427001
1197,10,9,1,0,145,1,1009100145,Lawra,1009,10.8586,-2.7797101
531,5,5,2,0,101,1,505200101,Akwapim South,505,5.7814598,-.33523399
551,5,8,1,0,66,5,508100066,Yilo Krobo,508,6.1152601,-.019517001
413,4,5,1,0,154,1,405100154,Akatsi,405,6.3210101,.81489998
367,3,8,3,2,148,4,308302148,Tema East,308,5.65412,-.01152
283,3,4,3,1,190,11,304301190,AMA  -  Ablekuma South,304,5.5370302,-.22942799
225,2,15,1,0,96,1,215100096,Twifo / Heman / Lower Denkyira,215,5.61164,-1.54198
689,6,14,3,3,151,6,614303151,KMA   -  Subin,614,6.68712,-1.61586
1071,9,7,1,0,154,1,907100154,Bawku West,907,10.926,-.485623
963,8,12,1,0,219,29,812100219,Tolon Kumbugu,812,9.5578604,-.94406801
60,1,8,2,0,146,24,108200146,Tarkwa Nsuaem,108,5.3120599,-1.99633
954,8,11,3,3,129,20,811303129,Tamale North,811,9.4211197,-.83713001
143,2,4,2,0,44,5,204200044,Mfantsiman,204,5.2010198,-1.07688
888,7,22,2,0,63,1,722200063,Kintampo NORTH,722,8.0786896,-1.6306601
83,1,11,1,0,207,26,111100207,Wassa Amenfi West,111,6.0359902,-2.2855101
386,4,2,2,0,22,4,402200022,Keta Municipal,402,5.7761698,.821769
759,6,22,2,0,154,19,622200154,Mampong Municipal,622,7.2586398,-1.42448
484,4,16,1,0,91,9,416100091,Krachi West,416,8.0478802,-.152923
768,6,26,1,0,4,1,626100004,Ejura Sekye Dumasi,626,7.1902699,-1.5640399
455,4,11,2,0,132,1,411200132,Hohoe,411,7.6008301,.48253599
472,4,14,1,0,21,1,414100021,Kadjebi,414,7.6010098,.48304999
1149,10,5,1,0,69,1,1005100069,Nadowli,1005,10.2389,-2.5734301
1089,9,9,2,0,83,1,909200083,Bawku Municipal,909,10.9608,-.18788201
851,7,15,2,0,270,25,715200270,Techiman,715,7.64013,-1.90168
189,2,9,2,0,250,1,209200250,Awutu Senya,209,5.7163801,-.57861698
424,4,7,1,0,42,7,407100042,Adaklu Anyigbe,407,6.4191999,.73843801
491,4,17,1,0,122,18,417100122,Nkwanta South,417,8.2617397,.52289599
130,2,2,3,1,64,1,202301064,Cape Coast   South,202,5.1089401,-1.23989
423,4,7,1,0,8,1,407100008,Adaklu Anyigbe,407,6.3857799,.53285003
325,3,4,3,9,119,4,304309119,AMA  - Ablekuma North,304,5.5896902,-.27015001
1049,9,5,1,0,95,15,905100095,Talensi Nabdam,905,10.7756,-.63436502
473,4,14,1,0,55,6,414100055,Kadjebi,414,7.7257099,.55020702
447,4,10,1,0,103,18,410100103,Norh Dayi (Kpando),410,7.2258101,.56123102
406,4,4,1,0,118,1,404100118,Ketu North,404,6.2438898,1.01684
488,4,17,1,0,29,4,417100029,Nkwanta South,417,8.0026999,.55898702
162,2,6,1,0,109,1,206100109,Gomoa West,206,5.4863501,-.711191
846,7,15,2,0,143,14,715200143,Techiman,715,7.5849099,-1.93302
1006,9,1,1,0,24,1,901100024,Builsa,901,10.443731,-1.3194906
587,5,14,1,0,228,20,514100228,Kwaebibirem,514,6.1693501,-.66762602
97,1,14,1,0,77,15,114100077,Sefwi Wiawso,114,6.2278199,-2.4847
320,3,4,3,8,72,1,304308072,AMA - Okaikoi South,304,5.5741301,-.234567
390,4,2,2,0,139,15,402200139,Keta Municipal,402,5.9442601,.85299897
1086,9,9,2,0,29,1,909200029,Bawku Municipal,909,10.6648,-1.27395
240,3,1,2,0,132,12,301200132,Weija (Ga South),301,5.5303202,-.41062
725,6,14,3,10,11,1,614310011,KMA   -  Bantama,614,6.7093601,-1.63227
155,2,5,1,0,121,1,205100121,Ajumanku / Enyan / Essiam,205,5.3983302,-.98400003
512,5,3,2,0,54,10,503200054,West Akim,503,5.7937598,-.48536301
392,4,2,2,0,190,22,402200190,Keta Municipal,402,6.02561,.987113
598,5,16,1,0,78,1,516100078,Birim North,516,6.4301701,-.99376398
144,2,4,2,0,69,6,204200069,Mfantsiman,204,5.2701001,-1.0172499
383,4,1,1,0,89,1,401100089,South Tongu,401,6.0655398,.73962599
410,4,5,1,0,58,6,405100058,Akatsi,405,6.1258898,.797885
62,1,8,2,0,192,30,108200192,Tarkwa Nsuaem,108,5.3239002,-1.9782799
28,1,5,3,1,133,1,105301133,Sekondi-Takoradi  -  Kwesimintsim,105,4.9296598,-1.78772
500,5,1,1,0,99,10,501100099,Birim South,501,5.8783498,-.90667301
376,3,9,1,0,181,1,309100181,Dangbe West,309,6.1024899,.24139699
793,7,4,2,0,103,1,704200103,Dormaa Municipal,704,7.22507,-2.7820699
280,3,4,3,1,80,1,304301080,AMA  -  Ablekuma South,304,5.5201001,-.279452
42,1,5,3,4,51,10,105304051,Sekondi-Takoradi  - Essikadu  -Ketan,105,4.9563999,-1.73341
926,8,9,1,0,38,3,809100038,Zabzugu Tatali,809,9.08076,.27039501
702,6,14,3,5,269,17,614305269,KMA  -  Oforikrom,614,6.6897602,-1.57328
829,7,12,1,0,43,1,712100043,Jaman North,712,7.8317599,-2.7119
388,4,2,2,0,94,12,402200094,Keta Municipal,402,5.83848,.97553498
286,3,4,3,1,299,12,304301299,AMA  -  Ablekuma South,304,5.5598998,-.26921701
373,3,9,1,0,47,6,309100047,Dangbe West,309,5.74929,.18637501
436,4,8,2,0,279,22,408200279,Ho,408,6.6001201,.314394
1093,9,9,2,0,167,1,909200167,Bawku Municipal,909,10.99,-1.11427
1094,9,9,2,0,184,1,909200184,Bawku Municipal,909,11.0164,-.310105
126,2,1,2,0,177,29,201200177,Komenda / Edina / Eguafo / Abirem,201,5.1595502,-1.43012
1150,10,5,1,0,81,1,1005100081,Nadowli,1005,10.3022,-2.76351
530,5,5,2,0,64,2,505200064,Akwapim South,505,5.77841,-.32998601
990,8,18,1,0,137,13,818100137,Bunkpurugu Yonyo,818,10.557,.050193999
302,3,4,3,4,101,6,304304101,AMA  - Osu Klotey,304,5.56844,-.20452499
962,8,12,1,0,183,26,812100183,Tolon Kumbugu,812,9.5476999,-1.11365
94,1,13,1,0,72,1,113100072,Sefwi Akontobra,113,6.1151199,-2.9143901
201,2,11,2,0,172,1,211200172,Agona West,211,5.6663198,-.77211702
792,7,4,2,0,68,7,704200068,Dormaa Municipal,704,7.0908599,-3.0192699
898,8,3,1,0,94,1,803100094,West Gonja,803,9.6793604,-1.37807
1196,10,9,1,0,133,14,1009100133,Lawra,1009,10.8225,-2.8339901
269,3,3,2,0,102,2,303200102,Ga East,303,5.6504502,-.23239
557,5,9,1,0,76,6,509100076,Lower Manya Krobo,509,6.1575699,.013417
714,6,14,3,7,175,6,614307175,KMA   -  Manhyia,614,6.72645,-1.5936199
437,4,8,2,0,313,1,408200313,Ho,408,6.6718602,.57804602
366,3,8,3,2,112,3,308302112,Tema East,308,5.6449099,.00111
924,8,8,1,0,169,22,808100169,Nanumba North,808,9.1111803,.00063199998
368,3,8,3,2,185,6,308302185,Tema East,308,5.67064,-.01219
61,1,8,2,0,179,24,108200179,Tarkwa Nsuaem,108,5.31216,-1.9856499
578,5,13,2,0,177,22,513200177,East Akim,513,6.2200699,-.368108
261,3,2,2,0,204,13,302200204,Ga West,302,5.63868,-.27871701
760,6,23,1,0,49,1,623100049,Sekyere East,623,6.8245001,-1.34366
995,8,19,1,0,121,1,819100121,East Mamprusi,819,10.4989,-.294283
550,5,8,1,0,46,3,508100046,Yilo Krobo,508,6.1084199,-.016843
573,5,13,2,0,19,5,513200019,East Akim,513,6.1140099,-.48969999
761,6,23,1,0,63,15,623100063,Sekyere East,623,6.8418198,-1.38684
1143,10,4,1,0,85,18,1004100085,Sissala East,1004,10.8893,-1.9849499
778,7,1,1,0,175,11,701100175,Asunafo South,701,6.7291198,-2.43436
114,1,16,1,0,154,23,116100154,Juabeso,116,6.42519,-2.9323299
217,2,14,2,0,70,6,214200070,Assin North,214,5.7024999,-1.28423
354,3,7,2,0,100,1,307200100,Ashaiman,307,5.6963701,-.027620999
317,3,4,3,7,125,5,304307125,AMA  - Ayawaso Central,304,5.5954499,-.20974
899,8,4,1,0,4,1,804100004,Gonja Central,804,8.7481003,-1.66146
357,3,7,2,0,209,1,307200209,Ashaiman,307,5.6884899,-.034189999
199,2,11,2,0,112,1,211200112,Agona West,211,5.5230298,-.68145001
202,2,12,1,0,25,1,212100025,Asikuma / Odoben  / Brakwa,212,5.5890198,-.90771699
661,6,10,2,0,98,6,610200098,Asante Akim North,610,6.6533298,-1.1756901
841,7,14,2,0,100,9,714200100,Wenchi,714,7.8095798,-2.1012399
382,4,1,1,0,55,1,401100055,South Tongu,401,5.9817801,.67291802
47,1,6,1,0,39,5,106100039,Shama,106,5.0114298,-1.62907
196,2,11,2,0,52,3,211200052,Agona West,211,5.5309501,-.69823301
468,4,13,1,0,21,1,413100021,Jasikan,413,7.3201399,.587138
1015,9,2,1,0,20,1,902100020,Kasena Nankana West,902,10.8387,-1.19402
831,7,12,1,0,105,1,712100105,Jaman North,712,7.9295802,-2.71242
746,6,19,1,0,83,1,619100083,Afigya Kwabre,619,6.8027601,-1.59182
1016,9,2,1,0,38,1,902100038,Kasena Nankana West,902,10.9543,-1.32699
385,4,1,1,0,138,13,401100138,South Tongu,401,6.0022898,.596452
796,7,4,2,0,186,26,704200186,Dormaa Municipal,704,7.2867298,-2.87077
420,4,6,1,0,193,21,406100193,North Tongu,406,6.2367802,.55127698
979,8,15,1,0,121,1,815100121,Gushiegu,815,10.0816,-.171975
554,5,8,1,0,185,1,508100185,Yilo Krobo,508,6.2896199,-.33362499
349,3,6,2,0,206,3,306200206,Ledzokuku / Krowor,306,5.6027298,-.085483
416,4,6,1,0,53,6,406100053,North Tongu,406,6.0784798,.43173
505,5,2,2,0,96,11,502200096,Birim  Central Municipal,502,5.94279,-.82856899
891,8,2,1,0,18,1,802100018,Sawla / Tuna / Kalba,802,9.2660999,-2.40186
646,6,6,1,0,15,1,606100015,Adansi North,606,6.1078401,-1.44572
932,8,10,2,0,84,11,810200084,Yendi,810,9.3146601,-.098907001
371,3,8,3,3,94,8,308303094,Kpone Katamanso,308,5.7115402,-.059560001
411,4,5,1,0,83,6,405100083,Akatsi,405,6.1187601,.80506098
29,1,5,3,1,157,6,105301157,Sekondi-Takoradi  -  Kwesimintsim,105,4.9197202,-1.76149
766,6,25,1,0,16,2,625100016,Sekyere Central,625,6.9850602,-1.355
976,8,15,1,0,33,6,815100033,Gushiegu,815,9.7714195,-.27403
274,3,3,2,0,298,7,303200298,Ga East,303,5.6803799,-.16555201
881,7,21,1,0,40,8,721100040,Kintampo South,721,7.8894501,-1.86373
348,3,6,2,0,170,2,306200170,Ledzokuku / Krowor,306,5.6028299,-.120483
68,1,9,1,0,164,1,109100164,Prestea / Huni Valley,109,5.5022001,-1.8798
476,4,15,1,0,67,1,415100058,Krachi East,415,7.68398,.26333901
270,3,3,2,0,152,7,303200152,Ga East,303,5.67135,-.18694299
339,3,5,2,0,86,8,305200086,Adenta,305,5.6909099,-.13288499
965,8,13,1,0,8,1,813100008,Savelugu Nanton,813,9.5093498,-.70330501
814,7,8,2,0,149,1,708200149,Sunyani Municipal,708,7.33532,-2.3248701
832,7,12,1,0,107,21,712100107,Jaman North,712,7.9454098,-2.6960399
699,6,14,3,5,145,15,614305145,KMA  -  Oforikrom,614,6.6794901,-1.58427
337,3,5,2,0,39,6,305200039,Adenta,305,5.66605,-.14434201
117,1,17,1,0,81,11,117100081,Bia,117,6.6711702,-3.10465
537,5,6,1,0,76,7,506100076,Akwapim North,506,5.9738202,-.086630002
1028,9,3,1,0,125,1,903100125,Kasena Nankana East,903,10.9797,-1.02247
453,4,11,2,0,84,17,411200084,Hohoe,411,7.428,.40598601
968,8,13,1,0,91,8,813100091,Savelugu Nanton,813,9.5794296,-.83314002
747,6,19,1,0,151,24,619100151,Afigya Kwabre,619,6.8481598,-1.5495501
1055,9,6,1,0,1,1,906100001,Bongo,906,10.8504,-.84317398
334,3,4,3,10,216,10,304310216,AMA  -  Okai Koi North,304,5.63592,-.219917
113,1,16,1,0,112,1,116100112,Juabeso,116,6.3681202,-2.7195101
253,3,1,2,0,607,20,301200607,Weija (Ga South),301,5.62815,-.32528299
273,3,3,2,0,261,7,303200261,Ga East,303,5.6830602,-.156363
879,7,20,1,0,170,21,720100170,Pru,720,8.1228199,-.77355599
914,8,6,1,0,146,1,806100146,Kpandai,806,8.4725103,.022125
827,7,11,1,0,115,22,711100115,Jaman South,711,7.6707301,-2.76776
441,4,9,1,0,7,2,409100007,South Dayi,409,6.5397201,.23339
775,7,1,1,0,74,1,701100074,Asunafo South,701,6.5827498,-2.58483
352,3,7,2,0,27,1,307200027,Ashaiman,307,5.69168,-.02407
1085,9,9,2,0,11,3,909200011,Bawku Municipal,909,10.9628,-.163133
607,5,18,2,0,80,5,518200080,Kwahu West,518,6.5489998,-.76409501
350,3,6,2,0,243,2,306200243,Ledzokuku / Krowor,306,5.5876002,-.120167
916,8,7,1,0,26,1,807100026,Nanumba South,807,8.6304102,.057758
3,1,1,1,0,65,10,101100065,Jomoro,101,5.0211101,-2.72471
865,7,18,1,0,87,11,718100087,Atebubu Amantin,718,7.7485499,-.992311
301,3,4,3,4,65,5,304304065,AMA  - Osu Klotey,304,5.5555601,-.21433
875,7,20,1,0,57,7,720100057,Pru,720,7.9604402,-1.3180799
498,5,1,1,0,16,2,501100016,Birim South,501,5.85355,-.91233897
873,7,19,1,0,173,1,719100173,Sene,719,8.0042496,-.34745601
159,2,6,1,0,32,3,206100032,Gomoa West,206,5.2683702,-.75919998
394,4,3,1,0,48,6,403100048,Ketu South,403,6.09865,1.14501
203,2,12,1,0,27,5,212100027,Asikuma / Odoben  / Brakwa,212,5.5855198,-.99316698
971,8,13,1,0,203,27,813100203,Savelugu Nanton,813,9.8705502,-.87524599
313,3,4,3,6,175,4,304306175,AMA  - Ayawaso East,304,5.5973501,-.19266701
249,3,1,2,0,461,18,301200461,Weija (Ga South),301,5.57974,-.30983999
412,4,5,1,0,120,1,405100120,Akatsi,405,6.6136298,.48680601
1170,10,6,1,0,141,1,1006100141,Jirapa,1006,10.5947,-2.78072
755,6,21,1,0,110,14,621100110,Sekyere South,621,7.0349102,-1.49104
71,1,10,1,0,30,3,110100030,Wassa Amenfi East,110,5.6847601,-2.02562
713,6,14,3,7,135,3,614307135,KMA   -  Manhyia,614,6.7090402,-1.61292
292,3,4,3,2,213,6,304302213,AMA  - Ablekuma Central,304,5.5511498,-.24143299
1,1,1,1,0,27,6,101100027,Jomoro,101,5.0528798,-2.87782
1124,10,2,2,0,96,10,1002200096,Wa Municipal,1002,10.0673,-2.5022299
53,1,7,1,0,104,1,107100104,Mpohor-Wassa East,107,5.2343102,-1.45007
928,8,9,1,0,89,10,809100089,Zabzugu Tatali,809,9.2955503,.373364
310,3,4,3,6,66,3,304306066,AMA  - Ayawaso East,304,5.5824199,-.20417
1175,10,7,1,0,49,12,1007100049,Sissala West,1007,10.9754,-2.21279
1198,10,9,1,0,149,17,1009100149,Lawra,1009,10.8573,-2.76214
722,6,14,3,9,41,2,614309041,KMA   - Suame,614,6.7374902,-1.6371
16,1,3,2,0,94,1,103200094,Nzema East,103,5.2778802,-2.2042799
993,8,19,1,0,50,9,819100050,East Mamprusi,819,10.4016,-.56166798
951,8,11,3,3,22,3,811303022,Tamale North,811,9.3924503,-.84368998
450,4,11,2,0,10,1,411200010,Hohoe,411,7.3039198,.31919199
757,6,22,2,0,55,8,622200055,Mampong Municipal,622,7.0590901,-1.3919801
238,3,1,2,0,47,5,301200047,Weija (Ga South),301,5.5441198,-.37042001
892,8,2,1,0,33,1,802100033,Sawla / Tuna / Kalba,802,9.3213997,-2.62802
919,8,8,1,0,12,3,808100012,Nanumba North,808,8.6582899,-.215983
800,7,5,1,0,72,2,705100072,Dormaa East,705,7.3063402,-2.69736
626,6,1,1,0,26,6,601100026,Atwima Mponua,601,6.5037699,-2.24353
1103,9,9,2,0,322,1,909200322,Bawku Municipal,909,11.084,-.220476
1095,9,9,2,0,203,1,909200203,Bawku Municipal,909,11.0696,-.34074101
717,6,14,3,8,71,3,614308071,KMA     -  Old Tafo,614,6.7185602,-1.6012501
558,5,10,1,0,8,2,510100008,Asuogyaman,510,6.2064099,.088147998
901,8,4,1,0,53,9,804100053,Gonja Central,804,8.7480602,-1.10817
909,8,5,1,0,205,30,805100205,East Gonja,805,9.1136599,-.55115902
1079,9,8,1,0,139,1,908100139,Garu Tempane,908,10.8949,-.055828001
102,1,14,1,0,218,32,114100218,Sefwi Wiawso,114,6.4221802,-2.71088
184,2,9,2,0,116,3,209200116,Awutu Senya,209,5.5269699,-.42918801
44,1,5,3,4,100,8,105304100,Sekondi-Takoradi  - Essikadu  -Ketan,105,4.9640598,-1.72364
275,3,3,2,0,334,9,303200334,Ga East,303,5.6852899,-.18276399
758,6,22,2,0,86,9,622200086,Mampong Municipal,622,7.0272999,-1.45095
430,4,8,2,0,138,19,408200138,Ho,408,7.0124302,.317027
949,8,11,3,2,187,16,811302187,Tamale Central,811,9.4676504,-.85272002
284,3,4,3,1,226,5,304301226,AMA  -  Ablekuma South,304,5.5335302,-.238717
333,3,4,3,10,174,5,304310174,AMA  -  Okai Koi North,304,5.6118698,-.25015
546,5,7,2,0,167,1,507200167,New Juaben Municipal,507,6.07476,-.239226
268,3,3,2,0,66,1,303200066,Ga East,303,5.6813898,-.25791001
59,1,8,2,0,110,23,108200110,Tarkwa Nsuaem,108,5.2946501,-1.9322799
